message_id,message,expected_route,case_type,predicted_route,displayed_route,accepted,score,margin,correct_decision,top_3_routes
calibration_account_access_01,I changed my password yesterday and now the portal will not let me in.,account_access,in_domain,account_access,account_access,True,0.2416,0.0883,True,account_access:0.2416; billing_invoice:0.1533; order_status:0.1087
calibration_account_access_02,Why does the website keep saying my sign-in is invalid?,account_access,in_domain,account_access,clarification_or_human_escalation,False,0.1123,0.0,False,account_access:0.1123; billing_invoice:0.1122; policy_lookup:0.1113
calibration_account_access_03,Please restore access to my online profile.,account_access,in_domain,account_access,account_access,True,0.349,0.2414,True,account_access:0.3490; policy_lookup:0.1075; service_scheduling:0.0972
calibration_account_access_04,My user account appears to be locked.,account_access,in_domain,account_access,account_access,True,0.2811,0.1817,True,account_access:0.2811; service_scheduling:0.0994; onboarding_help:0.0954
calibration_billing_invoice_01,Could you email me the receipt for the payment I made last week?,billing_invoice,in_domain,billing_invoice,billing_invoice,True,0.2031,0.0904,True,billing_invoice:0.2031; policy_lookup:0.1127; training_materials:0.1039
calibration_billing_invoice_02,The amount due on this statement does not look correct.,billing_invoice,in_domain,billing_invoice,billing_invoice,True,0.1657,0.0241,True,billing_invoice:0.1657; policy_lookup:0.1417; account_access:0.1245
calibration_billing_invoice_03,I need to change the person who receives our invoices.,billing_invoice,in_domain,billing_invoice,billing_invoice,True,0.2094,0.0871,True,billing_invoice:0.2094; human_escalation:0.1223; service_scheduling:0.1218
calibration_billing_invoice_04,Why was my card charged twice for the same purchase?,billing_invoice,in_domain,order_status,order_status,True,0.1644,0.0254,False,order_status:0.1644; billing_invoice:0.1390; returns_refunds:0.1003
calibration_human_escalation_01,I have tried the automated steps and need a real person now.,human_escalation,in_domain,human_escalation,human_escalation,True,0.2146,0.0535,True,human_escalation:0.2146; returns_refunds:0.1611; onboarding_help:0.1479
calibration_human_escalation_02,Please have a supervisor review this unresolved problem.,human_escalation,in_domain,human_escalation,human_escalation,True,0.2814,0.1576,True,human_escalation:0.2814; technical_support:0.1238; order_status:0.0938
calibration_human_escalation_03,Can a support representative call me back today?,human_escalation,in_domain,human_escalation,human_escalation,True,0.2677,0.1566,True,human_escalation:0.2677; service_scheduling:0.1111; technical_support:0.0883
calibration_human_escalation_04,This complaint needs to be escalated beyond the chatbot.,human_escalation,in_domain,human_escalation,human_escalation,True,0.2681,0.0772,True,human_escalation:0.2681; policy_lookup:0.1909; service_scheduling:0.1654
calibration_onboarding_help_01,I just joined the company and do not know which setup tasks come first.,onboarding_help,in_domain,onboarding_help,onboarding_help,True,0.2632,0.075,True,onboarding_help:0.2632; policy_lookup:0.1882; account_access:0.0997
calibration_onboarding_help_02,What should a newly created user complete during orientation?,onboarding_help,in_domain,onboarding_help,onboarding_help,True,0.291,0.1809,True,onboarding_help:0.2910; returns_refunds:0.1101; training_materials:0.0981
calibration_onboarding_help_03,Please send the checklist for getting a new employee started.,onboarding_help,in_domain,onboarding_help,onboarding_help,True,0.3125,0.1693,True,onboarding_help:0.3125; technical_support:0.1432; training_materials:0.1397
calibration_onboarding_help_04,Where are the initial setup instructions for a first-time user?,onboarding_help,in_domain,onboarding_help,onboarding_help,True,0.3211,0.1773,True,onboarding_help:0.3211; training_materials:0.1439; policy_lookup:0.0874
calibration_order_status_01,My package was supposed to arrive yesterday. Where is it?,order_status,in_domain,billing_invoice,billing_invoice,True,0.1676,0.0628,False,billing_invoice:0.1676; human_escalation:0.1048; account_access:0.0981
calibration_order_status_02,Can you tell me whether order 4821 has shipped?,order_status,in_domain,order_status,order_status,True,0.2577,0.1092,True,order_status:0.2577; returns_refunds:0.1486; training_materials:0.0827
calibration_order_status_03,The tracking page has not changed in several days.,order_status,in_domain,account_access,clarification_or_human_escalation,False,0.1285,0.008,False,account_access:0.1285; order_status:0.1206; billing_invoice:0.1129
calibration_order_status_04,I am still waiting and need an updated delivery estimate.,order_status,in_domain,order_status,order_status,True,0.2987,0.1174,True,order_status:0.2987; billing_invoice:0.1813; human_escalation:0.1346
calibration_policy_lookup_01,Which company rule applies before this request can be approved?,policy_lookup,in_domain,policy_lookup,policy_lookup,True,0.329,0.2206,True,policy_lookup:0.3290; service_scheduling:0.1084; account_access:0.0755
calibration_policy_lookup_02,Please locate the official procedure for handling this situation.,policy_lookup,in_domain,policy_lookup,policy_lookup,True,0.3733,0.2057,True,policy_lookup:0.3733; training_materials:0.1676; technical_support:0.1291
calibration_policy_lookup_03,I need the current compliance guideline before I respond.,policy_lookup,in_domain,policy_lookup,policy_lookup,True,0.3343,0.1792,True,policy_lookup:0.3343; training_materials:0.1550; onboarding_help:0.1185
calibration_policy_lookup_04,Where is the controlled SOP that explains the required approvals?,policy_lookup,in_domain,policy_lookup,policy_lookup,True,0.3355,0.1783,True,policy_lookup:0.3355; billing_invoice:0.1573; returns_refunds:0.1141
calibration_returns_refunds_01,The item is not right for me. How can I send it back?,returns_refunds,in_domain,returns_refunds,clarification_or_human_escalation,False,0.1392,0.0247,False,returns_refunds:0.1392; training_materials:0.1145; technical_support:0.1139
calibration_returns_refunds_02,When should the money from my cancelled purchase be credited?,returns_refunds,in_domain,returns_refunds,returns_refunds,True,0.2304,0.0493,True,returns_refunds:0.2304; order_status:0.1810; account_access:0.0911
calibration_returns_refunds_03,Can I swap this product for a different model?,returns_refunds,in_domain,technical_support,clarification_or_human_escalation,False,0.1652,0.0138,False,technical_support:0.1652; billing_invoice:0.1514; training_materials:0.1277
calibration_returns_refunds_04,Please help me determine whether I am still inside the return period.,returns_refunds,in_domain,returns_refunds,returns_refunds,True,0.3586,0.1949,True,returns_refunds:0.3586; order_status:0.1637; onboarding_help:0.1608
calibration_service_scheduling_01,Could we move the technician visit from Tuesday to Thursday?,service_scheduling,in_domain,service_scheduling,service_scheduling,True,0.294,0.2259,True,service_scheduling:0.2940; technical_support:0.0682; human_escalation:0.0656
calibration_service_scheduling_02,I need to book a repair appointment at my location.,service_scheduling,in_domain,service_scheduling,service_scheduling,True,0.313,0.1886,True,service_scheduling:0.3130; human_escalation:0.1244; returns_refunds:0.1083
calibration_service_scheduling_03,What times are open for a service call next week?,service_scheduling,in_domain,service_scheduling,service_scheduling,True,0.3222,0.212,True,service_scheduling:0.3222; onboarding_help:0.1102; training_materials:0.0713
calibration_service_scheduling_04,Please cancel the current appointment and choose another day.,service_scheduling,in_domain,service_scheduling,service_scheduling,True,0.3019,0.1459,True,service_scheduling:0.3019; returns_refunds:0.1560; training_materials:0.1405
calibration_technical_support_01,The application crashes every time I try to save my work.,technical_support,in_domain,service_scheduling,clarification_or_human_escalation,False,0.1227,0.0044,False,service_scheduling:0.1227; human_escalation:0.1183; order_status:0.0920
calibration_technical_support_02,My device stopped responding after the latest setup step.,technical_support,in_domain,technical_support,clarification_or_human_escalation,False,0.1549,0.0155,False,technical_support:0.1549; account_access:0.1394; onboarding_help:0.1140
calibration_technical_support_03,I keep seeing an error code and need troubleshooting help.,technical_support,in_domain,technical_support,technical_support,True,0.4218,0.3163,True,technical_support:0.4218; onboarding_help:0.1055; training_materials:0.1041
calibration_technical_support_04,A feature is broken even after I restarted the software.,technical_support,in_domain,technical_support,technical_support,True,0.2886,0.1916,True,technical_support:0.2886; policy_lookup:0.0971; returns_refunds:0.0680
calibration_training_materials_01,Is there a video or manual that teaches this workflow?,training_materials,in_domain,training_materials,training_materials,True,0.2656,0.1433,True,training_materials:0.2656; policy_lookup:0.1223; billing_invoice:0.1021
calibration_training_materials_02,Please point me to the latest knowledge article for this tool.,training_materials,in_domain,training_materials,training_materials,True,0.2613,0.102,True,training_materials:0.2613; onboarding_help:0.1593; policy_lookup:0.1348
calibration_training_materials_03,Our team needs documentation before using the new process.,training_materials,in_domain,training_materials,training_materials,True,0.2997,0.1233,True,training_materials:0.2997; policy_lookup:0.1765; onboarding_help:0.1481
calibration_training_materials_04,Where can I find a tutorial that explains this task?,training_materials,in_domain,training_materials,training_materials,True,0.3108,0.1477,True,training_materials:0.3108; policy_lookup:0.1631; billing_invoice:0.1546
calibration___out_of_domain___01,What is the weather forecast for this weekend?,__out_of_domain__,out_of_domain,policy_lookup,policy_lookup,True,0.2596,0.0745,False,policy_lookup:0.2596; training_materials:0.1851; returns_refunds:0.1243
calibration___out_of_domain___02,Tell me the current stock price for a technology company.,__out_of_domain__,out_of_domain,training_materials,clarification_or_human_escalation,False,0.1535,0.0061,True,training_materials:0.1535; policy_lookup:0.1475; service_scheduling:0.1372
calibration___out_of_domain___03,Write a short poem about summer.,__out_of_domain__,out_of_domain,human_escalation,clarification_or_human_escalation,False,0.1042,0.036,True,human_escalation:0.1042; policy_lookup:0.0681; technical_support:0.0668
calibration___out_of_domain___04,Who won the basketball game last night?,__out_of_domain__,out_of_domain,account_access,clarification_or_human_escalation,False,0.083,0.0123,True,account_access:0.0830; billing_invoice:0.0707; training_materials:0.0634
calibration___out_of_domain___05,What is the capital city of Brazil?,__out_of_domain__,out_of_domain,policy_lookup,policy_lookup,True,0.1849,0.055,False,policy_lookup:0.1849; billing_invoice:0.1299; technical_support:0.0932
calibration___out_of_domain___06,Can you recommend a restaurant near the airport?,__out_of_domain__,out_of_domain,training_materials,clarification_or_human_escalation,False,0.1533,0.0173,True,training_materials:0.1533; service_scheduling:0.1360; returns_refunds:0.1264
calibration___out_of_domain___07,How many miles are in a marathon?,__out_of_domain__,out_of_domain,human_escalation,clarification_or_human_escalation,False,0.0663,0.007,True,human_escalation:0.0663; service_scheduling:0.0593; training_materials:0.0585
calibration___out_of_domain___08,Please translate hello into Japanese.,__out_of_domain__,out_of_domain,account_access,clarification_or_human_escalation,False,0.12,0.0037,True,account_access:0.1200; training_materials:0.1163; human_escalation:0.1142
calibration___out_of_domain___09,What movies are playing downtown?,__out_of_domain__,out_of_domain,service_scheduling,clarification_or_human_escalation,False,0.0898,0.005,True,service_scheduling:0.0898; policy_lookup:0.0848; billing_invoice:0.0715
calibration___out_of_domain___10,Give me a recipe for chocolate cake.,__out_of_domain__,out_of_domain,returns_refunds,clarification_or_human_escalation,False,0.1554,0.0424,True,returns_refunds:0.1554; order_status:0.1129; policy_lookup:0.1114
calibration___out_of_domain___11,Set an alarm for seven tomorrow morning.,__out_of_domain__,out_of_domain,training_materials,clarification_or_human_escalation,False,0.1068,0.0024,True,training_materials:0.1068; technical_support:0.1044; onboarding_help:0.0830
calibration___out_of_domain___12,Explain how photosynthesis works.,__out_of_domain__,out_of_domain,returns_refunds,clarification_or_human_escalation,False,0.1254,0.0318,True,returns_refunds:0.1254; billing_invoice:0.0936; policy_lookup:0.0842
