expected_route,decision_route,count
account_access,account_access,4
account_access,clarification_or_human_escalation,1
billing_invoice,account_access,1
billing_invoice,billing_invoice,4
clarification_or_human_escalation,clarification_or_human_escalation,9
clarification_or_human_escalation,policy_lookup,2
clarification_or_human_escalation,training_materials,1
human_escalation,clarification_or_human_escalation,1
human_escalation,human_escalation,4
onboarding_help,clarification_or_human_escalation,1
onboarding_help,onboarding_help,4
order_status,order_status,4
order_status,returns_refunds,1
policy_lookup,policy_lookup,5
returns_refunds,clarification_or_human_escalation,1
returns_refunds,returns_refunds,3
returns_refunds,technical_support,1
service_scheduling,service_scheduling,5
technical_support,clarification_or_human_escalation,1
technical_support,technical_support,4
training_materials,training_materials,5
