config,vocabulary_size,minimum_score,minimum_margin,total_rows,in_domain_rows,out_of_domain_rows,raw_route_accuracy,in_domain_coverage,accepted_route_accuracy,in_domain_decision_accuracy,out_of_domain_rejection_rate,overall_decision_accuracy,accepted_in_domain,correct_accepted_in_domain,rejected_out_of_domain,false_accept_out_of_domain,false_reject_in_domain
word_unigrams,252,0.02,0.0,52,40,12,0.875,1.0,0.875,0.875,0.0,0.6731,40,35,0,12,0
word_unigrams,252,0.02,0.01,52,40,12,0.875,0.925,0.9189,0.85,0.0833,0.6731,37,34,1,11,3
word_unigrams,252,0.02,0.02,52,40,12,0.875,0.875,0.9429,0.825,0.3333,0.7115,35,33,4,8,5
word_unigrams,252,0.02,0.03,52,40,12,0.875,0.775,0.9355,0.725,0.3333,0.6346,31,29,4,8,9
word_unigrams,252,0.02,0.04,52,40,12,0.875,0.775,0.9355,0.725,0.4167,0.6538,31,29,5,7,9
word_unigrams,252,0.02,0.05,52,40,12,0.875,0.75,0.9333,0.7,0.5,0.6538,30,28,6,6,10
word_unigrams,252,0.02,0.07,52,40,12,0.875,0.7,0.9643,0.675,0.75,0.6923,28,27,9,3,12
word_unigrams,252,0.02,0.1,52,40,12,0.875,0.65,1.0,0.65,0.8333,0.6923,26,26,10,2,14
word_unigrams,252,0.02,0.13,52,40,12,0.875,0.525,1.0,0.525,0.9167,0.6154,21,21,11,1,19
word_unigrams,252,0.04,0.0,52,40,12,0.875,1.0,0.875,0.875,0.0,0.6731,40,35,0,12,0
word_unigrams,252,0.04,0.01,52,40,12,0.875,0.925,0.9189,0.85,0.0833,0.6731,37,34,1,11,3
word_unigrams,252,0.04,0.02,52,40,12,0.875,0.875,0.9429,0.825,0.3333,0.7115,35,33,4,8,5
word_unigrams,252,0.04,0.03,52,40,12,0.875,0.775,0.9355,0.725,0.3333,0.6346,31,29,4,8,9
word_unigrams,252,0.04,0.04,52,40,12,0.875,0.775,0.9355,0.725,0.4167,0.6538,31,29,5,7,9
word_unigrams,252,0.04,0.05,52,40,12,0.875,0.75,0.9333,0.7,0.5,0.6538,30,28,6,6,10
word_unigrams,252,0.04,0.07,52,40,12,0.875,0.7,0.9643,0.675,0.75,0.6923,28,27,9,3,12
word_unigrams,252,0.04,0.1,52,40,12,0.875,0.65,1.0,0.65,0.8333,0.6923,26,26,10,2,14
word_unigrams,252,0.04,0.13,52,40,12,0.875,0.525,1.0,0.525,0.9167,0.6154,21,21,11,1,19
word_unigrams,252,0.06,0.0,52,40,12,0.875,1.0,0.875,0.875,0.0,0.6731,40,35,0,12,0
word_unigrams,252,0.06,0.01,52,40,12,0.875,0.925,0.9189,0.85,0.0833,0.6731,37,34,1,11,3
word_unigrams,252,0.06,0.02,52,40,12,0.875,0.875,0.9429,0.825,0.3333,0.7115,35,33,4,8,5
word_unigrams,252,0.06,0.03,52,40,12,0.875,0.775,0.9355,0.725,0.3333,0.6346,31,29,4,8,9
word_unigrams,252,0.06,0.04,52,40,12,0.875,0.775,0.9355,0.725,0.4167,0.6538,31,29,5,7,9
word_unigrams,252,0.06,0.05,52,40,12,0.875,0.75,0.9333,0.7,0.5,0.6538,30,28,6,6,10
word_unigrams,252,0.06,0.07,52,40,12,0.875,0.7,0.9643,0.675,0.75,0.6923,28,27,9,3,12
word_unigrams,252,0.06,0.1,52,40,12,0.875,0.65,1.0,0.65,0.8333,0.6923,26,26,10,2,14
word_unigrams,252,0.06,0.13,52,40,12,0.875,0.525,1.0,0.525,0.9167,0.6154,21,21,11,1,19
word_unigrams,252,0.08,0.0,52,40,12,0.875,1.0,0.875,0.875,0.0,0.6731,40,35,0,12,0
word_unigrams,252,0.08,0.01,52,40,12,0.875,0.925,0.9189,0.85,0.0833,0.6731,37,34,1,11,3
word_unigrams,252,0.08,0.02,52,40,12,0.875,0.875,0.9429,0.825,0.3333,0.7115,35,33,4,8,5
word_unigrams,252,0.08,0.03,52,40,12,0.875,0.775,0.9355,0.725,0.3333,0.6346,31,29,4,8,9
word_unigrams,252,0.08,0.04,52,40,12,0.875,0.775,0.9355,0.725,0.4167,0.6538,31,29,5,7,9
word_unigrams,252,0.08,0.05,52,40,12,0.875,0.75,0.9333,0.7,0.5,0.6538,30,28,6,6,10
word_unigrams,252,0.08,0.07,52,40,12,0.875,0.7,0.9643,0.675,0.75,0.6923,28,27,9,3,12
word_unigrams,252,0.08,0.1,52,40,12,0.875,0.65,1.0,0.65,0.8333,0.6923,26,26,10,2,14
word_unigrams,252,0.08,0.13,52,40,12,0.875,0.525,1.0,0.525,0.9167,0.6154,21,21,11,1,19
word_unigrams,252,0.1,0.0,52,40,12,0.875,1.0,0.875,0.875,0.0833,0.6923,40,35,1,11,0
word_unigrams,252,0.1,0.01,52,40,12,0.875,0.925,0.9189,0.85,0.1667,0.6923,37,34,2,10,3
word_unigrams,252,0.1,0.02,52,40,12,0.875,0.875,0.9429,0.825,0.3333,0.7115,35,33,4,8,5
word_unigrams,252,0.1,0.03,52,40,12,0.875,0.775,0.9355,0.725,0.3333,0.6346,31,29,4,8,9
word_unigrams,252,0.1,0.04,52,40,12,0.875,0.775,0.9355,0.725,0.4167,0.6538,31,29,5,7,9
word_unigrams,252,0.1,0.05,52,40,12,0.875,0.75,0.9333,0.7,0.5,0.6538,30,28,6,6,10
word_unigrams,252,0.1,0.07,52,40,12,0.875,0.7,0.9643,0.675,0.75,0.6923,28,27,9,3,12
word_unigrams,252,0.1,0.1,52,40,12,0.875,0.65,1.0,0.65,0.8333,0.6923,26,26,10,2,14
word_unigrams,252,0.1,0.13,52,40,12,0.875,0.525,1.0,0.525,0.9167,0.6154,21,21,11,1,19
word_unigrams,252,0.12,0.0,52,40,12,0.875,1.0,0.875,0.875,0.1667,0.7115,40,35,2,10,0
word_unigrams,252,0.12,0.01,52,40,12,0.875,0.925,0.9189,0.85,0.25,0.7115,37,34,3,9,3
word_unigrams,252,0.12,0.02,52,40,12,0.875,0.875,0.9429,0.825,0.3333,0.7115,35,33,4,8,5
word_unigrams,252,0.12,0.03,52,40,12,0.875,0.775,0.9355,0.725,0.3333,0.6346,31,29,4,8,9
word_unigrams,252,0.12,0.04,52,40,12,0.875,0.775,0.9355,0.725,0.4167,0.6538,31,29,5,7,9
word_unigrams,252,0.12,0.05,52,40,12,0.875,0.75,0.9333,0.7,0.5,0.6538,30,28,6,6,10
word_unigrams,252,0.12,0.07,52,40,12,0.875,0.7,0.9643,0.675,0.75,0.6923,28,27,9,3,12
word_unigrams,252,0.12,0.1,52,40,12,0.875,0.65,1.0,0.65,0.8333,0.6923,26,26,10,2,14
word_unigrams,252,0.12,0.13,52,40,12,0.875,0.525,1.0,0.525,0.9167,0.6154,21,21,11,1,19
word_unigrams,252,0.14,0.0,52,40,12,0.875,1.0,0.875,0.875,0.25,0.7308,40,35,3,9,0
word_unigrams,252,0.14,0.01,52,40,12,0.875,0.925,0.9189,0.85,0.3333,0.7308,37,34,4,8,3
word_unigrams,252,0.14,0.02,52,40,12,0.875,0.875,0.9429,0.825,0.4167,0.7308,35,33,5,7,5
word_unigrams,252,0.14,0.03,52,40,12,0.875,0.775,0.9355,0.725,0.4167,0.6538,31,29,5,7,9
word_unigrams,252,0.14,0.04,52,40,12,0.875,0.775,0.9355,0.725,0.5,0.6731,31,29,6,6,9
word_unigrams,252,0.14,0.05,52,40,12,0.875,0.75,0.9333,0.7,0.5,0.6538,30,28,6,6,10
word_unigrams,252,0.14,0.07,52,40,12,0.875,0.7,0.9643,0.675,0.75,0.6923,28,27,9,3,12
word_unigrams,252,0.14,0.1,52,40,12,0.875,0.65,1.0,0.65,0.8333,0.6923,26,26,10,2,14
word_unigrams,252,0.14,0.13,52,40,12,0.875,0.525,1.0,0.525,0.9167,0.6154,21,21,11,1,19
word_unigrams,252,0.16,0.0,52,40,12,0.875,0.975,0.8974,0.875,0.3333,0.75,39,35,4,8,1
word_unigrams,252,0.16,0.01,52,40,12,0.875,0.9,0.9444,0.85,0.4167,0.75,36,34,5,7,4
word_unigrams,252,0.16,0.02,52,40,12,0.875,0.875,0.9429,0.825,0.5,0.75,35,33,6,6,5
word_unigrams,252,0.16,0.03,52,40,12,0.875,0.775,0.9355,0.725,0.5,0.6731,31,29,6,6,9
word_unigrams,252,0.16,0.04,52,40,12,0.875,0.775,0.9355,0.725,0.5833,0.6923,31,29,7,5,9
word_unigrams,252,0.16,0.05,52,40,12,0.875,0.75,0.9333,0.7,0.5833,0.6731,30,28,7,5,10
word_unigrams,252,0.16,0.07,52,40,12,0.875,0.7,0.9643,0.675,0.75,0.6923,28,27,9,3,12
word_unigrams,252,0.16,0.1,52,40,12,0.875,0.65,1.0,0.65,0.8333,0.6923,26,26,10,2,14
word_unigrams,252,0.16,0.13,52,40,12,0.875,0.525,1.0,0.525,0.9167,0.6154,21,21,11,1,19
word_unigrams,252,0.18,0.0,52,40,12,0.875,0.975,0.8974,0.875,0.4167,0.7692,39,35,5,7,1
word_unigrams,252,0.18,0.01,52,40,12,0.875,0.9,0.9444,0.85,0.5,0.7692,36,34,6,6,4
word_unigrams,252,0.18,0.02,52,40,12,0.875,0.875,0.9429,0.825,0.5833,0.7692,35,33,7,5,5
word_unigrams,252,0.18,0.03,52,40,12,0.875,0.775,0.9355,0.725,0.5833,0.6923,31,29,7,5,9
word_unigrams,252,0.18,0.04,52,40,12,0.875,0.775,0.9355,0.725,0.6667,0.7115,31,29,8,4,9
word_unigrams,252,0.18,0.05,52,40,12,0.875,0.75,0.9333,0.7,0.6667,0.6923,30,28,8,4,10
word_unigrams,252,0.18,0.07,52,40,12,0.875,0.7,0.9643,0.675,0.8333,0.7115,28,27,10,2,12
word_unigrams,252,0.18,0.1,52,40,12,0.875,0.65,1.0,0.65,0.8333,0.6923,26,26,10,2,14
word_unigrams,252,0.18,0.13,52,40,12,0.875,0.525,1.0,0.525,0.9167,0.6154,21,21,11,1,19
word_unigrams,252,0.2,0.0,52,40,12,0.875,0.925,0.8919,0.825,0.5,0.75,37,33,6,6,3
word_unigrams,252,0.2,0.01,52,40,12,0.875,0.85,0.9412,0.8,0.5833,0.75,34,32,7,5,6
word_unigrams,252,0.2,0.02,52,40,12,0.875,0.825,0.9394,0.775,0.6667,0.75,33,31,8,4,7
word_unigrams,252,0.2,0.03,52,40,12,0.875,0.75,0.9333,0.7,0.6667,0.6923,30,28,8,4,10
word_unigrams,252,0.2,0.04,52,40,12,0.875,0.75,0.9333,0.7,0.6667,0.6923,30,28,8,4,10
word_unigrams,252,0.2,0.05,52,40,12,0.875,0.75,0.9333,0.7,0.6667,0.6923,30,28,8,4,10
word_unigrams,252,0.2,0.07,52,40,12,0.875,0.7,0.9643,0.675,0.8333,0.7115,28,27,10,2,12
word_unigrams,252,0.2,0.1,52,40,12,0.875,0.65,1.0,0.65,0.8333,0.6923,26,26,10,2,14
word_unigrams,252,0.2,0.13,52,40,12,0.875,0.525,1.0,0.525,0.9167,0.6154,21,21,11,1,19
word_unigrams,252,0.22,0.0,52,40,12,0.875,0.8,0.9375,0.75,0.5833,0.7115,32,30,7,5,8
word_unigrams,252,0.22,0.01,52,40,12,0.875,0.75,0.9667,0.725,0.6667,0.7115,30,29,8,4,10
word_unigrams,252,0.22,0.02,52,40,12,0.875,0.75,0.9667,0.725,0.75,0.7308,30,29,9,3,10
word_unigrams,252,0.22,0.03,52,40,12,0.875,0.725,0.9655,0.7,0.75,0.7115,29,28,9,3,11
word_unigrams,252,0.22,0.04,52,40,12,0.875,0.725,0.9655,0.7,0.75,0.7115,29,28,9,3,11
word_unigrams,252,0.22,0.05,52,40,12,0.875,0.725,0.9655,0.7,0.75,0.7115,29,28,9,3,11
word_unigrams,252,0.22,0.07,52,40,12,0.875,0.675,1.0,0.675,0.9167,0.7308,27,27,11,1,13
word_unigrams,252,0.22,0.1,52,40,12,0.875,0.65,1.0,0.65,0.9167,0.7115,26,26,11,1,14
word_unigrams,252,0.22,0.13,52,40,12,0.875,0.525,1.0,0.525,0.9167,0.6154,21,21,11,1,19
word_unigrams,252,0.24,0.0,52,40,12,0.875,0.7,1.0,0.7,0.6667,0.6923,28,28,8,4,12
word_unigrams,252,0.24,0.01,52,40,12,0.875,0.675,1.0,0.675,0.75,0.6923,27,27,9,3,13
word_unigrams,252,0.24,0.02,52,40,12,0.875,0.675,1.0,0.675,0.8333,0.7115,27,27,10,2,13
word_unigrams,252,0.24,0.03,52,40,12,0.875,0.675,1.0,0.675,0.8333,0.7115,27,27,10,2,13
word_unigrams,252,0.24,0.04,52,40,12,0.875,0.675,1.0,0.675,0.8333,0.7115,27,27,10,2,13
word_unigrams,252,0.24,0.05,52,40,12,0.875,0.675,1.0,0.675,0.8333,0.7115,27,27,10,2,13
word_unigrams,252,0.24,0.07,52,40,12,0.875,0.675,1.0,0.675,0.9167,0.7308,27,27,11,1,13
word_unigrams,252,0.24,0.1,52,40,12,0.875,0.65,1.0,0.65,0.9167,0.7115,26,26,11,1,14
word_unigrams,252,0.24,0.13,52,40,12,0.875,0.525,1.0,0.525,0.9167,0.6154,21,21,11,1,19
word_unigrams,252,0.26,0.0,52,40,12,0.875,0.6,1.0,0.6,0.6667,0.6154,24,24,8,4,16
word_unigrams,252,0.26,0.01,52,40,12,0.875,0.6,1.0,0.6,0.75,0.6346,24,24,9,3,16
word_unigrams,252,0.26,0.02,52,40,12,0.875,0.6,1.0,0.6,0.8333,0.6538,24,24,10,2,16
word_unigrams,252,0.26,0.03,52,40,12,0.875,0.6,1.0,0.6,0.8333,0.6538,24,24,10,2,16
word_unigrams,252,0.26,0.04,52,40,12,0.875,0.6,1.0,0.6,0.8333,0.6538,24,24,10,2,16
word_unigrams,252,0.26,0.05,52,40,12,0.875,0.6,1.0,0.6,0.8333,0.6538,24,24,10,2,16
word_unigrams,252,0.26,0.07,52,40,12,0.875,0.6,1.0,0.6,0.9167,0.6731,24,24,11,1,16
word_unigrams,252,0.26,0.1,52,40,12,0.875,0.6,1.0,0.6,0.9167,0.6731,24,24,11,1,16
word_unigrams,252,0.26,0.13,52,40,12,0.875,0.5,1.0,0.5,0.9167,0.5962,20,20,11,1,20
word_unigrams,252,0.28,0.0,52,40,12,0.875,0.55,1.0,0.55,0.8333,0.6154,22,22,10,2,18
word_unigrams,252,0.28,0.01,52,40,12,0.875,0.55,1.0,0.55,0.8333,0.6154,22,22,10,2,18
word_unigrams,252,0.28,0.02,52,40,12,0.875,0.55,1.0,0.55,0.9167,0.6346,22,22,11,1,18
word_unigrams,252,0.28,0.03,52,40,12,0.875,0.55,1.0,0.55,0.9167,0.6346,22,22,11,1,18
word_unigrams,252,0.28,0.04,52,40,12,0.875,0.55,1.0,0.55,0.9167,0.6346,22,22,11,1,18
word_unigrams,252,0.28,0.05,52,40,12,0.875,0.55,1.0,0.55,0.9167,0.6346,22,22,11,1,18
word_unigrams,252,0.28,0.07,52,40,12,0.875,0.55,1.0,0.55,0.9167,0.6346,22,22,11,1,18
word_unigrams,252,0.28,0.1,52,40,12,0.875,0.55,1.0,0.55,0.9167,0.6346,22,22,11,1,18
word_unigrams,252,0.28,0.13,52,40,12,0.875,0.475,1.0,0.475,0.9167,0.5769,19,19,11,1,21
word_unigrams,252,0.3,0.0,52,40,12,0.875,0.425,1.0,0.425,0.8333,0.5192,17,17,10,2,23
word_unigrams,252,0.3,0.01,52,40,12,0.875,0.425,1.0,0.425,0.8333,0.5192,17,17,10,2,23
word_unigrams,252,0.3,0.02,52,40,12,0.875,0.425,1.0,0.425,0.9167,0.5385,17,17,11,1,23
word_unigrams,252,0.3,0.03,52,40,12,0.875,0.425,1.0,0.425,0.9167,0.5385,17,17,11,1,23
word_unigrams,252,0.3,0.04,52,40,12,0.875,0.425,1.0,0.425,0.9167,0.5385,17,17,11,1,23
word_unigrams,252,0.3,0.05,52,40,12,0.875,0.425,1.0,0.425,0.9167,0.5385,17,17,11,1,23
word_unigrams,252,0.3,0.07,52,40,12,0.875,0.425,1.0,0.425,0.9167,0.5385,17,17,11,1,23
word_unigrams,252,0.3,0.1,52,40,12,0.875,0.425,1.0,0.425,0.9167,0.5385,17,17,11,1,23
word_unigrams,252,0.3,0.13,52,40,12,0.875,0.375,1.0,0.375,0.9167,0.5,15,15,11,1,25
word_unigrams,252,0.32,0.0,52,40,12,0.875,0.375,1.0,0.375,0.8333,0.4808,15,15,10,2,25
word_unigrams,252,0.32,0.01,52,40,12,0.875,0.375,1.0,0.375,0.8333,0.4808,15,15,10,2,25
word_unigrams,252,0.32,0.02,52,40,12,0.875,0.375,1.0,0.375,0.9167,0.5,15,15,11,1,25
word_unigrams,252,0.32,0.03,52,40,12,0.875,0.375,1.0,0.375,0.9167,0.5,15,15,11,1,25
word_unigrams,252,0.32,0.04,52,40,12,0.875,0.375,1.0,0.375,0.9167,0.5,15,15,11,1,25
word_unigrams,252,0.32,0.05,52,40,12,0.875,0.375,1.0,0.375,0.9167,0.5,15,15,11,1,25
word_unigrams,252,0.32,0.07,52,40,12,0.875,0.375,1.0,0.375,0.9167,0.5,15,15,11,1,25
word_unigrams,252,0.32,0.1,52,40,12,0.875,0.375,1.0,0.375,0.9167,0.5,15,15,11,1,25
word_unigrams,252,0.32,0.13,52,40,12,0.875,0.325,1.0,0.325,0.9167,0.4615,13,13,11,1,27
word_unigrams,252,0.34,0.0,52,40,12,0.875,0.25,1.0,0.25,0.9167,0.4038,10,10,11,1,30
word_unigrams,252,0.34,0.01,52,40,12,0.875,0.25,1.0,0.25,0.9167,0.4038,10,10,11,1,30
word_unigrams,252,0.34,0.02,52,40,12,0.875,0.25,1.0,0.25,0.9167,0.4038,10,10,11,1,30
word_unigrams,252,0.34,0.03,52,40,12,0.875,0.25,1.0,0.25,0.9167,0.4038,10,10,11,1,30
word_unigrams,252,0.34,0.04,52,40,12,0.875,0.25,1.0,0.25,0.9167,0.4038,10,10,11,1,30
word_unigrams,252,0.34,0.05,52,40,12,0.875,0.25,1.0,0.25,0.9167,0.4038,10,10,11,1,30
word_unigrams,252,0.34,0.07,52,40,12,0.875,0.25,1.0,0.25,0.9167,0.4038,10,10,11,1,30
word_unigrams,252,0.34,0.1,52,40,12,0.875,0.25,1.0,0.25,0.9167,0.4038,10,10,11,1,30
word_unigrams,252,0.34,0.13,52,40,12,0.875,0.225,1.0,0.225,0.9167,0.3846,9,9,11,1,31
word_unigrams,252,0.36,0.0,52,40,12,0.875,0.175,1.0,0.175,0.9167,0.3462,7,7,11,1,33
word_unigrams,252,0.36,0.01,52,40,12,0.875,0.175,1.0,0.175,0.9167,0.3462,7,7,11,1,33
word_unigrams,252,0.36,0.02,52,40,12,0.875,0.175,1.0,0.175,0.9167,0.3462,7,7,11,1,33
word_unigrams,252,0.36,0.03,52,40,12,0.875,0.175,1.0,0.175,0.9167,0.3462,7,7,11,1,33
word_unigrams,252,0.36,0.04,52,40,12,0.875,0.175,1.0,0.175,0.9167,0.3462,7,7,11,1,33
word_unigrams,252,0.36,0.05,52,40,12,0.875,0.175,1.0,0.175,0.9167,0.3462,7,7,11,1,33
word_unigrams,252,0.36,0.07,52,40,12,0.875,0.175,1.0,0.175,0.9167,0.3462,7,7,11,1,33
word_unigrams,252,0.36,0.1,52,40,12,0.875,0.175,1.0,0.175,0.9167,0.3462,7,7,11,1,33
word_unigrams,252,0.36,0.13,52,40,12,0.875,0.175,1.0,0.175,0.9167,0.3462,7,7,11,1,33
word_unigrams,252,0.38,0.0,52,40,12,0.875,0.15,1.0,0.15,0.9167,0.3269,6,6,11,1,34
word_unigrams,252,0.38,0.01,52,40,12,0.875,0.15,1.0,0.15,0.9167,0.3269,6,6,11,1,34
word_unigrams,252,0.38,0.02,52,40,12,0.875,0.15,1.0,0.15,0.9167,0.3269,6,6,11,1,34
word_unigrams,252,0.38,0.03,52,40,12,0.875,0.15,1.0,0.15,0.9167,0.3269,6,6,11,1,34
word_unigrams,252,0.38,0.04,52,40,12,0.875,0.15,1.0,0.15,0.9167,0.3269,6,6,11,1,34
word_unigrams,252,0.38,0.05,52,40,12,0.875,0.15,1.0,0.15,0.9167,0.3269,6,6,11,1,34
word_unigrams,252,0.38,0.07,52,40,12,0.875,0.15,1.0,0.15,0.9167,0.3269,6,6,11,1,34
word_unigrams,252,0.38,0.1,52,40,12,0.875,0.15,1.0,0.15,0.9167,0.3269,6,6,11,1,34
word_unigrams,252,0.38,0.13,52,40,12,0.875,0.15,1.0,0.15,0.9167,0.3269,6,6,11,1,34
word_unigrams,252,0.4,0.0,52,40,12,0.875,0.125,1.0,0.125,0.9167,0.3077,5,5,11,1,35
word_unigrams,252,0.4,0.01,52,40,12,0.875,0.125,1.0,0.125,0.9167,0.3077,5,5,11,1,35
word_unigrams,252,0.4,0.02,52,40,12,0.875,0.125,1.0,0.125,0.9167,0.3077,5,5,11,1,35
word_unigrams,252,0.4,0.03,52,40,12,0.875,0.125,1.0,0.125,0.9167,0.3077,5,5,11,1,35
word_unigrams,252,0.4,0.04,52,40,12,0.875,0.125,1.0,0.125,0.9167,0.3077,5,5,11,1,35
word_unigrams,252,0.4,0.05,52,40,12,0.875,0.125,1.0,0.125,0.9167,0.3077,5,5,11,1,35
word_unigrams,252,0.4,0.07,52,40,12,0.875,0.125,1.0,0.125,0.9167,0.3077,5,5,11,1,35
word_unigrams,252,0.4,0.1,52,40,12,0.875,0.125,1.0,0.125,0.9167,0.3077,5,5,11,1,35
word_unigrams,252,0.4,0.13,52,40,12,0.875,0.125,1.0,0.125,0.9167,0.3077,5,5,11,1,35
word_unigrams_bigrams,710,0.02,0.0,52,40,12,0.85,1.0,0.85,0.85,0.0,0.6538,40,34,0,12,0
word_unigrams_bigrams,710,0.02,0.01,52,40,12,0.85,0.875,0.8857,0.775,0.1667,0.6346,35,31,2,10,5
word_unigrams_bigrams,710,0.02,0.02,52,40,12,0.85,0.8,0.9062,0.725,0.25,0.6154,32,29,3,9,8
word_unigrams_bigrams,710,0.02,0.03,52,40,12,0.85,0.725,0.9655,0.7,0.4167,0.6346,29,28,5,7,11
word_unigrams_bigrams,710,0.02,0.04,52,40,12,0.85,0.725,0.9655,0.7,0.5,0.6538,29,28,6,6,11
word_unigrams_bigrams,710,0.02,0.05,52,40,12,0.85,0.625,1.0,0.625,0.5833,0.6154,25,25,7,5,15
word_unigrams_bigrams,710,0.02,0.07,52,40,12,0.85,0.575,1.0,0.575,0.6667,0.5962,23,23,8,4,17
word_unigrams_bigrams,710,0.02,0.1,52,40,12,0.85,0.525,1.0,0.525,0.8333,0.5962,21,21,10,2,19
word_unigrams_bigrams,710,0.02,0.13,52,40,12,0.85,0.4,1.0,0.4,0.8333,0.5,16,16,10,2,24
word_unigrams_bigrams,710,0.04,0.0,52,40,12,0.85,1.0,0.85,0.85,0.0,0.6538,40,34,0,12,0
word_unigrams_bigrams,710,0.04,0.01,52,40,12,0.85,0.875,0.8857,0.775,0.1667,0.6346,35,31,2,10,5
word_unigrams_bigrams,710,0.04,0.02,52,40,12,0.85,0.8,0.9062,0.725,0.25,0.6154,32,29,3,9,8
word_unigrams_bigrams,710,0.04,0.03,52,40,12,0.85,0.725,0.9655,0.7,0.4167,0.6346,29,28,5,7,11
word_unigrams_bigrams,710,0.04,0.04,52,40,12,0.85,0.725,0.9655,0.7,0.5,0.6538,29,28,6,6,11
word_unigrams_bigrams,710,0.04,0.05,52,40,12,0.85,0.625,1.0,0.625,0.5833,0.6154,25,25,7,5,15
word_unigrams_bigrams,710,0.04,0.07,52,40,12,0.85,0.575,1.0,0.575,0.6667,0.5962,23,23,8,4,17
word_unigrams_bigrams,710,0.04,0.1,52,40,12,0.85,0.525,1.0,0.525,0.8333,0.5962,21,21,10,2,19
word_unigrams_bigrams,710,0.04,0.13,52,40,12,0.85,0.4,1.0,0.4,0.8333,0.5,16,16,10,2,24
word_unigrams_bigrams,710,0.06,0.0,52,40,12,0.85,1.0,0.85,0.85,0.0,0.6538,40,34,0,12,0
word_unigrams_bigrams,710,0.06,0.01,52,40,12,0.85,0.875,0.8857,0.775,0.1667,0.6346,35,31,2,10,5
word_unigrams_bigrams,710,0.06,0.02,52,40,12,0.85,0.8,0.9062,0.725,0.25,0.6154,32,29,3,9,8
word_unigrams_bigrams,710,0.06,0.03,52,40,12,0.85,0.725,0.9655,0.7,0.4167,0.6346,29,28,5,7,11
word_unigrams_bigrams,710,0.06,0.04,52,40,12,0.85,0.725,0.9655,0.7,0.5,0.6538,29,28,6,6,11
word_unigrams_bigrams,710,0.06,0.05,52,40,12,0.85,0.625,1.0,0.625,0.5833,0.6154,25,25,7,5,15
word_unigrams_bigrams,710,0.06,0.07,52,40,12,0.85,0.575,1.0,0.575,0.6667,0.5962,23,23,8,4,17
word_unigrams_bigrams,710,0.06,0.1,52,40,12,0.85,0.525,1.0,0.525,0.8333,0.5962,21,21,10,2,19
word_unigrams_bigrams,710,0.06,0.13,52,40,12,0.85,0.4,1.0,0.4,0.8333,0.5,16,16,10,2,24
word_unigrams_bigrams,710,0.08,0.0,52,40,12,0.85,1.0,0.85,0.85,0.1667,0.6923,40,34,2,10,0
word_unigrams_bigrams,710,0.08,0.01,52,40,12,0.85,0.875,0.8857,0.775,0.1667,0.6346,35,31,2,10,5
word_unigrams_bigrams,710,0.08,0.02,52,40,12,0.85,0.8,0.9062,0.725,0.25,0.6154,32,29,3,9,8
word_unigrams_bigrams,710,0.08,0.03,52,40,12,0.85,0.725,0.9655,0.7,0.4167,0.6346,29,28,5,7,11
word_unigrams_bigrams,710,0.08,0.04,52,40,12,0.85,0.725,0.9655,0.7,0.5,0.6538,29,28,6,6,11
word_unigrams_bigrams,710,0.08,0.05,52,40,12,0.85,0.625,1.0,0.625,0.5833,0.6154,25,25,7,5,15
word_unigrams_bigrams,710,0.08,0.07,52,40,12,0.85,0.575,1.0,0.575,0.6667,0.5962,23,23,8,4,17
word_unigrams_bigrams,710,0.08,0.1,52,40,12,0.85,0.525,1.0,0.525,0.8333,0.5962,21,21,10,2,19
word_unigrams_bigrams,710,0.08,0.13,52,40,12,0.85,0.4,1.0,0.4,0.8333,0.5,16,16,10,2,24
word_unigrams_bigrams,710,0.1,0.0,52,40,12,0.85,1.0,0.85,0.85,0.1667,0.6923,40,34,2,10,0
word_unigrams_bigrams,710,0.1,0.01,52,40,12,0.85,0.875,0.8857,0.775,0.1667,0.6346,35,31,2,10,5
word_unigrams_bigrams,710,0.1,0.02,52,40,12,0.85,0.8,0.9062,0.725,0.25,0.6154,32,29,3,9,8
word_unigrams_bigrams,710,0.1,0.03,52,40,12,0.85,0.725,0.9655,0.7,0.4167,0.6346,29,28,5,7,11
word_unigrams_bigrams,710,0.1,0.04,52,40,12,0.85,0.725,0.9655,0.7,0.5,0.6538,29,28,6,6,11
word_unigrams_bigrams,710,0.1,0.05,52,40,12,0.85,0.625,1.0,0.625,0.5833,0.6154,25,25,7,5,15
word_unigrams_bigrams,710,0.1,0.07,52,40,12,0.85,0.575,1.0,0.575,0.6667,0.5962,23,23,8,4,17
word_unigrams_bigrams,710,0.1,0.1,52,40,12,0.85,0.525,1.0,0.525,0.8333,0.5962,21,21,10,2,19
word_unigrams_bigrams,710,0.1,0.13,52,40,12,0.85,0.4,1.0,0.4,0.8333,0.5,16,16,10,2,24
word_unigrams_bigrams,710,0.12,0.0,52,40,12,0.85,0.975,0.8718,0.85,0.4167,0.75,39,34,5,7,1
word_unigrams_bigrams,710,0.12,0.01,52,40,12,0.85,0.85,0.9118,0.775,0.4167,0.6923,34,31,5,7,6
word_unigrams_bigrams,710,0.12,0.02,52,40,12,0.85,0.8,0.9062,0.725,0.5,0.6731,32,29,6,6,8
word_unigrams_bigrams,710,0.12,0.03,52,40,12,0.85,0.725,0.9655,0.7,0.6667,0.6923,29,28,8,4,11
word_unigrams_bigrams,710,0.12,0.04,52,40,12,0.85,0.725,0.9655,0.7,0.6667,0.6923,29,28,8,4,11
word_unigrams_bigrams,710,0.12,0.05,52,40,12,0.85,0.625,1.0,0.625,0.6667,0.6346,25,25,8,4,15
word_unigrams_bigrams,710,0.12,0.07,52,40,12,0.85,0.575,1.0,0.575,0.75,0.6154,23,23,9,3,17
word_unigrams_bigrams,710,0.12,0.1,52,40,12,0.85,0.525,1.0,0.525,0.8333,0.5962,21,21,10,2,19
word_unigrams_bigrams,710,0.12,0.13,52,40,12,0.85,0.4,1.0,0.4,0.8333,0.5,16,16,10,2,24
word_unigrams_bigrams,710,0.14,0.0,52,40,12,0.85,0.925,0.8649,0.8,0.5,0.7308,37,32,6,6,3
word_unigrams_bigrams,710,0.14,0.01,52,40,12,0.85,0.85,0.9118,0.775,0.5,0.7115,34,31,6,6,6
word_unigrams_bigrams,710,0.14,0.02,52,40,12,0.85,0.8,0.9062,0.725,0.5833,0.6923,32,29,7,5,8
word_unigrams_bigrams,710,0.14,0.03,52,40,12,0.85,0.725,0.9655,0.7,0.6667,0.6923,29,28,8,4,11
word_unigrams_bigrams,710,0.14,0.04,52,40,12,0.85,0.725,0.9655,0.7,0.6667,0.6923,29,28,8,4,11
word_unigrams_bigrams,710,0.14,0.05,52,40,12,0.85,0.625,1.0,0.625,0.6667,0.6346,25,25,8,4,15
word_unigrams_bigrams,710,0.14,0.07,52,40,12,0.85,0.575,1.0,0.575,0.75,0.6154,23,23,9,3,17
word_unigrams_bigrams,710,0.14,0.1,52,40,12,0.85,0.525,1.0,0.525,0.8333,0.5962,21,21,10,2,19
word_unigrams_bigrams,710,0.14,0.13,52,40,12,0.85,0.4,1.0,0.4,0.8333,0.5,16,16,10,2,24
word_unigrams_bigrams,710,0.16,0.0,52,40,12,0.85,0.8,0.9375,0.75,0.5833,0.7115,32,30,7,5,8
word_unigrams_bigrams,710,0.16,0.01,52,40,12,0.85,0.75,0.9667,0.725,0.5833,0.6923,30,29,7,5,10
word_unigrams_bigrams,710,0.16,0.02,52,40,12,0.85,0.75,0.9667,0.725,0.6667,0.7115,30,29,8,4,10
word_unigrams_bigrams,710,0.16,0.03,52,40,12,0.85,0.7,1.0,0.7,0.75,0.7115,28,28,9,3,12
word_unigrams_bigrams,710,0.16,0.04,52,40,12,0.85,0.7,1.0,0.7,0.75,0.7115,28,28,9,3,12
word_unigrams_bigrams,710,0.16,0.05,52,40,12,0.85,0.625,1.0,0.625,0.75,0.6538,25,25,9,3,15
word_unigrams_bigrams,710,0.16,0.07,52,40,12,0.85,0.575,1.0,0.575,0.8333,0.6346,23,23,10,2,17
word_unigrams_bigrams,710,0.16,0.1,52,40,12,0.85,0.525,1.0,0.525,0.8333,0.5962,21,21,10,2,19
word_unigrams_bigrams,710,0.16,0.13,52,40,12,0.85,0.4,1.0,0.4,0.8333,0.5,16,16,10,2,24
word_unigrams_bigrams,710,0.18,0.0,52,40,12,0.85,0.65,1.0,0.65,0.5833,0.6346,26,26,7,5,14
word_unigrams_bigrams,710,0.18,0.01,52,40,12,0.85,0.65,1.0,0.65,0.5833,0.6346,26,26,7,5,14
word_unigrams_bigrams,710,0.18,0.02,52,40,12,0.85,0.65,1.0,0.65,0.6667,0.6538,26,26,8,4,14
word_unigrams_bigrams,710,0.18,0.03,52,40,12,0.85,0.625,1.0,0.625,0.75,0.6538,25,25,9,3,15
word_unigrams_bigrams,710,0.18,0.04,52,40,12,0.85,0.625,1.0,0.625,0.75,0.6538,25,25,9,3,15
word_unigrams_bigrams,710,0.18,0.05,52,40,12,0.85,0.6,1.0,0.6,0.75,0.6346,24,24,9,3,16
word_unigrams_bigrams,710,0.18,0.07,52,40,12,0.85,0.575,1.0,0.575,0.8333,0.6346,23,23,10,2,17
word_unigrams_bigrams,710,0.18,0.1,52,40,12,0.85,0.525,1.0,0.525,0.8333,0.5962,21,21,10,2,19
word_unigrams_bigrams,710,0.18,0.13,52,40,12,0.85,0.4,1.0,0.4,0.8333,0.5,16,16,10,2,24
word_unigrams_bigrams,710,0.2,0.0,52,40,12,0.85,0.625,1.0,0.625,0.6667,0.6346,25,25,8,4,15
word_unigrams_bigrams,710,0.2,0.01,52,40,12,0.85,0.625,1.0,0.625,0.6667,0.6346,25,25,8,4,15
word_unigrams_bigrams,710,0.2,0.02,52,40,12,0.85,0.625,1.0,0.625,0.75,0.6538,25,25,9,3,15
word_unigrams_bigrams,710,0.2,0.03,52,40,12,0.85,0.6,1.0,0.6,0.75,0.6346,24,24,9,3,16
word_unigrams_bigrams,710,0.2,0.04,52,40,12,0.85,0.6,1.0,0.6,0.75,0.6346,24,24,9,3,16
word_unigrams_bigrams,710,0.2,0.05,52,40,12,0.85,0.575,1.0,0.575,0.75,0.6154,23,23,9,3,17
word_unigrams_bigrams,710,0.2,0.07,52,40,12,0.85,0.55,1.0,0.55,0.8333,0.6154,22,22,10,2,18
word_unigrams_bigrams,710,0.2,0.1,52,40,12,0.85,0.5,1.0,0.5,0.8333,0.5769,20,20,10,2,20
word_unigrams_bigrams,710,0.2,0.13,52,40,12,0.85,0.4,1.0,0.4,0.8333,0.5,16,16,10,2,24
word_unigrams_bigrams,710,0.22,0.0,52,40,12,0.85,0.55,1.0,0.55,0.75,0.5962,22,22,9,3,18
word_unigrams_bigrams,710,0.22,0.01,52,40,12,0.85,0.55,1.0,0.55,0.75,0.5962,22,22,9,3,18
word_unigrams_bigrams,710,0.22,0.02,52,40,12,0.85,0.55,1.0,0.55,0.8333,0.6154,22,22,10,2,18
word_unigrams_bigrams,710,0.22,0.03,52,40,12,0.85,0.525,1.0,0.525,0.8333,0.5962,21,21,10,2,19
word_unigrams_bigrams,710,0.22,0.04,52,40,12,0.85,0.525,1.0,0.525,0.8333,0.5962,21,21,10,2,19
word_unigrams_bigrams,710,0.22,0.05,52,40,12,0.85,0.525,1.0,0.525,0.8333,0.5962,21,21,10,2,19
word_unigrams_bigrams,710,0.22,0.07,52,40,12,0.85,0.525,1.0,0.525,0.8333,0.5962,21,21,10,2,19
word_unigrams_bigrams,710,0.22,0.1,52,40,12,0.85,0.5,1.0,0.5,0.8333,0.5769,20,20,10,2,20
word_unigrams_bigrams,710,0.22,0.13,52,40,12,0.85,0.4,1.0,0.4,0.8333,0.5,16,16,10,2,24
word_unigrams_bigrams,710,0.24,0.0,52,40,12,0.85,0.425,1.0,0.425,0.9167,0.5385,17,17,11,1,23
word_unigrams_bigrams,710,0.24,0.01,52,40,12,0.85,0.425,1.0,0.425,0.9167,0.5385,17,17,11,1,23
word_unigrams_bigrams,710,0.24,0.02,52,40,12,0.85,0.425,1.0,0.425,0.9167,0.5385,17,17,11,1,23
word_unigrams_bigrams,710,0.24,0.03,52,40,12,0.85,0.425,1.0,0.425,0.9167,0.5385,17,17,11,1,23
word_unigrams_bigrams,710,0.24,0.04,52,40,12,0.85,0.425,1.0,0.425,0.9167,0.5385,17,17,11,1,23
word_unigrams_bigrams,710,0.24,0.05,52,40,12,0.85,0.425,1.0,0.425,0.9167,0.5385,17,17,11,1,23
word_unigrams_bigrams,710,0.24,0.07,52,40,12,0.85,0.425,1.0,0.425,0.9167,0.5385,17,17,11,1,23
word_unigrams_bigrams,710,0.24,0.1,52,40,12,0.85,0.4,1.0,0.4,0.9167,0.5192,16,16,11,1,24
word_unigrams_bigrams,710,0.24,0.13,52,40,12,0.85,0.35,1.0,0.35,0.9167,0.4808,14,14,11,1,26
word_unigrams_bigrams,710,0.26,0.0,52,40,12,0.85,0.3,1.0,0.3,0.9167,0.4423,12,12,11,1,28
word_unigrams_bigrams,710,0.26,0.01,52,40,12,0.85,0.3,1.0,0.3,0.9167,0.4423,12,12,11,1,28
word_unigrams_bigrams,710,0.26,0.02,52,40,12,0.85,0.3,1.0,0.3,0.9167,0.4423,12,12,11,1,28
word_unigrams_bigrams,710,0.26,0.03,52,40,12,0.85,0.3,1.0,0.3,0.9167,0.4423,12,12,11,1,28
word_unigrams_bigrams,710,0.26,0.04,52,40,12,0.85,0.3,1.0,0.3,0.9167,0.4423,12,12,11,1,28
word_unigrams_bigrams,710,0.26,0.05,52,40,12,0.85,0.3,1.0,0.3,0.9167,0.4423,12,12,11,1,28
word_unigrams_bigrams,710,0.26,0.07,52,40,12,0.85,0.3,1.0,0.3,0.9167,0.4423,12,12,11,1,28
word_unigrams_bigrams,710,0.26,0.1,52,40,12,0.85,0.3,1.0,0.3,0.9167,0.4423,12,12,11,1,28
word_unigrams_bigrams,710,0.26,0.13,52,40,12,0.85,0.3,1.0,0.3,0.9167,0.4423,12,12,11,1,28
word_unigrams_bigrams,710,0.28,0.0,52,40,12,0.85,0.25,1.0,0.25,0.9167,0.4038,10,10,11,1,30
word_unigrams_bigrams,710,0.28,0.01,52,40,12,0.85,0.25,1.0,0.25,0.9167,0.4038,10,10,11,1,30
word_unigrams_bigrams,710,0.28,0.02,52,40,12,0.85,0.25,1.0,0.25,0.9167,0.4038,10,10,11,1,30
word_unigrams_bigrams,710,0.28,0.03,52,40,12,0.85,0.25,1.0,0.25,0.9167,0.4038,10,10,11,1,30
word_unigrams_bigrams,710,0.28,0.04,52,40,12,0.85,0.25,1.0,0.25,0.9167,0.4038,10,10,11,1,30
word_unigrams_bigrams,710,0.28,0.05,52,40,12,0.85,0.25,1.0,0.25,0.9167,0.4038,10,10,11,1,30
word_unigrams_bigrams,710,0.28,0.07,52,40,12,0.85,0.25,1.0,0.25,0.9167,0.4038,10,10,11,1,30
word_unigrams_bigrams,710,0.28,0.1,52,40,12,0.85,0.25,1.0,0.25,0.9167,0.4038,10,10,11,1,30
word_unigrams_bigrams,710,0.28,0.13,52,40,12,0.85,0.25,1.0,0.25,0.9167,0.4038,10,10,11,1,30
word_unigrams_bigrams,710,0.3,0.0,52,40,12,0.85,0.175,1.0,0.175,0.9167,0.3462,7,7,11,1,33
word_unigrams_bigrams,710,0.3,0.01,52,40,12,0.85,0.175,1.0,0.175,0.9167,0.3462,7,7,11,1,33
word_unigrams_bigrams,710,0.3,0.02,52,40,12,0.85,0.175,1.0,0.175,0.9167,0.3462,7,7,11,1,33
word_unigrams_bigrams,710,0.3,0.03,52,40,12,0.85,0.175,1.0,0.175,0.9167,0.3462,7,7,11,1,33
word_unigrams_bigrams,710,0.3,0.04,52,40,12,0.85,0.175,1.0,0.175,0.9167,0.3462,7,7,11,1,33
word_unigrams_bigrams,710,0.3,0.05,52,40,12,0.85,0.175,1.0,0.175,0.9167,0.3462,7,7,11,1,33
word_unigrams_bigrams,710,0.3,0.07,52,40,12,0.85,0.175,1.0,0.175,0.9167,0.3462,7,7,11,1,33
word_unigrams_bigrams,710,0.3,0.1,52,40,12,0.85,0.175,1.0,0.175,0.9167,0.3462,7,7,11,1,33
word_unigrams_bigrams,710,0.3,0.13,52,40,12,0.85,0.175,1.0,0.175,0.9167,0.3462,7,7,11,1,33
word_unigrams_bigrams,710,0.32,0.0,52,40,12,0.85,0.15,1.0,0.15,0.9167,0.3269,6,6,11,1,34
word_unigrams_bigrams,710,0.32,0.01,52,40,12,0.85,0.15,1.0,0.15,0.9167,0.3269,6,6,11,1,34
word_unigrams_bigrams,710,0.32,0.02,52,40,12,0.85,0.15,1.0,0.15,0.9167,0.3269,6,6,11,1,34
word_unigrams_bigrams,710,0.32,0.03,52,40,12,0.85,0.15,1.0,0.15,0.9167,0.3269,6,6,11,1,34
word_unigrams_bigrams,710,0.32,0.04,52,40,12,0.85,0.15,1.0,0.15,0.9167,0.3269,6,6,11,1,34
word_unigrams_bigrams,710,0.32,0.05,52,40,12,0.85,0.15,1.0,0.15,0.9167,0.3269,6,6,11,1,34
word_unigrams_bigrams,710,0.32,0.07,52,40,12,0.85,0.15,1.0,0.15,0.9167,0.3269,6,6,11,1,34
word_unigrams_bigrams,710,0.32,0.1,52,40,12,0.85,0.15,1.0,0.15,0.9167,0.3269,6,6,11,1,34
word_unigrams_bigrams,710,0.32,0.13,52,40,12,0.85,0.15,1.0,0.15,0.9167,0.3269,6,6,11,1,34
word_unigrams_bigrams,710,0.34,0.0,52,40,12,0.85,0.05,1.0,0.05,0.9167,0.25,2,2,11,1,38
word_unigrams_bigrams,710,0.34,0.01,52,40,12,0.85,0.05,1.0,0.05,0.9167,0.25,2,2,11,1,38
word_unigrams_bigrams,710,0.34,0.02,52,40,12,0.85,0.05,1.0,0.05,0.9167,0.25,2,2,11,1,38
word_unigrams_bigrams,710,0.34,0.03,52,40,12,0.85,0.05,1.0,0.05,0.9167,0.25,2,2,11,1,38
word_unigrams_bigrams,710,0.34,0.04,52,40,12,0.85,0.05,1.0,0.05,0.9167,0.25,2,2,11,1,38
word_unigrams_bigrams,710,0.34,0.05,52,40,12,0.85,0.05,1.0,0.05,0.9167,0.25,2,2,11,1,38
word_unigrams_bigrams,710,0.34,0.07,52,40,12,0.85,0.05,1.0,0.05,0.9167,0.25,2,2,11,1,38
word_unigrams_bigrams,710,0.34,0.1,52,40,12,0.85,0.05,1.0,0.05,0.9167,0.25,2,2,11,1,38
word_unigrams_bigrams,710,0.34,0.13,52,40,12,0.85,0.05,1.0,0.05,0.9167,0.25,2,2,11,1,38
word_unigrams_bigrams,710,0.36,0.0,52,40,12,0.85,0.025,1.0,0.025,0.9167,0.2308,1,1,11,1,39
word_unigrams_bigrams,710,0.36,0.01,52,40,12,0.85,0.025,1.0,0.025,0.9167,0.2308,1,1,11,1,39
word_unigrams_bigrams,710,0.36,0.02,52,40,12,0.85,0.025,1.0,0.025,0.9167,0.2308,1,1,11,1,39
word_unigrams_bigrams,710,0.36,0.03,52,40,12,0.85,0.025,1.0,0.025,0.9167,0.2308,1,1,11,1,39
word_unigrams_bigrams,710,0.36,0.04,52,40,12,0.85,0.025,1.0,0.025,0.9167,0.2308,1,1,11,1,39
word_unigrams_bigrams,710,0.36,0.05,52,40,12,0.85,0.025,1.0,0.025,0.9167,0.2308,1,1,11,1,39
word_unigrams_bigrams,710,0.36,0.07,52,40,12,0.85,0.025,1.0,0.025,0.9167,0.2308,1,1,11,1,39
word_unigrams_bigrams,710,0.36,0.1,52,40,12,0.85,0.025,1.0,0.025,0.9167,0.2308,1,1,11,1,39
word_unigrams_bigrams,710,0.36,0.13,52,40,12,0.85,0.025,1.0,0.025,0.9167,0.2308,1,1,11,1,39
word_unigrams_bigrams,710,0.38,0.0,52,40,12,0.85,0.0,0.0,0.0,1.0,0.2308,0,0,12,0,40
word_unigrams_bigrams,710,0.38,0.01,52,40,12,0.85,0.0,0.0,0.0,1.0,0.2308,0,0,12,0,40
word_unigrams_bigrams,710,0.38,0.02,52,40,12,0.85,0.0,0.0,0.0,1.0,0.2308,0,0,12,0,40
word_unigrams_bigrams,710,0.38,0.03,52,40,12,0.85,0.0,0.0,0.0,1.0,0.2308,0,0,12,0,40
word_unigrams_bigrams,710,0.38,0.04,52,40,12,0.85,0.0,0.0,0.0,1.0,0.2308,0,0,12,0,40
word_unigrams_bigrams,710,0.38,0.05,52,40,12,0.85,0.0,0.0,0.0,1.0,0.2308,0,0,12,0,40
word_unigrams_bigrams,710,0.38,0.07,52,40,12,0.85,0.0,0.0,0.0,1.0,0.2308,0,0,12,0,40
word_unigrams_bigrams,710,0.38,0.1,52,40,12,0.85,0.0,0.0,0.0,1.0,0.2308,0,0,12,0,40
word_unigrams_bigrams,710,0.38,0.13,52,40,12,0.85,0.0,0.0,0.0,1.0,0.2308,0,0,12,0,40
word_unigrams_bigrams,710,0.4,0.0,52,40,12,0.85,0.0,0.0,0.0,1.0,0.2308,0,0,12,0,40
word_unigrams_bigrams,710,0.4,0.01,52,40,12,0.85,0.0,0.0,0.0,1.0,0.2308,0,0,12,0,40
word_unigrams_bigrams,710,0.4,0.02,52,40,12,0.85,0.0,0.0,0.0,1.0,0.2308,0,0,12,0,40
word_unigrams_bigrams,710,0.4,0.03,52,40,12,0.85,0.0,0.0,0.0,1.0,0.2308,0,0,12,0,40
word_unigrams_bigrams,710,0.4,0.04,52,40,12,0.85,0.0,0.0,0.0,1.0,0.2308,0,0,12,0,40
word_unigrams_bigrams,710,0.4,0.05,52,40,12,0.85,0.0,0.0,0.0,1.0,0.2308,0,0,12,0,40
word_unigrams_bigrams,710,0.4,0.07,52,40,12,0.85,0.0,0.0,0.0,1.0,0.2308,0,0,12,0,40
word_unigrams_bigrams,710,0.4,0.1,52,40,12,0.85,0.0,0.0,0.0,1.0,0.2308,0,0,12,0,40
word_unigrams_bigrams,710,0.4,0.13,52,40,12,0.85,0.0,0.0,0.0,1.0,0.2308,0,0,12,0,40
character_3_5,4706,0.02,0.0,52,40,12,0.875,1.0,0.875,0.875,0.0,0.6731,40,35,0,12,0
character_3_5,4706,0.02,0.01,52,40,12,0.875,0.925,0.9189,0.85,0.4167,0.75,37,34,5,7,3
character_3_5,4706,0.02,0.02,52,40,12,0.875,0.875,0.9429,0.825,0.5833,0.7692,35,33,7,5,5
character_3_5,4706,0.02,0.03,52,40,12,0.875,0.8,0.9688,0.775,0.5833,0.7308,32,31,7,5,8
character_3_5,4706,0.02,0.04,52,40,12,0.875,0.8,0.9688,0.775,0.75,0.7692,32,31,9,3,8
character_3_5,4706,0.02,0.05,52,40,12,0.875,0.775,0.9677,0.75,0.8333,0.7692,31,30,10,2,9
character_3_5,4706,0.02,0.07,52,40,12,0.875,0.725,1.0,0.725,0.9167,0.7692,29,29,11,1,11
character_3_5,4706,0.02,0.1,52,40,12,0.875,0.6,1.0,0.6,1.0,0.6923,24,24,12,0,16
character_3_5,4706,0.02,0.13,52,40,12,0.875,0.5,1.0,0.5,1.0,0.6154,20,20,12,0,20
character_3_5,4706,0.04,0.0,52,40,12,0.875,1.0,0.875,0.875,0.0,0.6731,40,35,0,12,0
character_3_5,4706,0.04,0.01,52,40,12,0.875,0.925,0.9189,0.85,0.4167,0.75,37,34,5,7,3
character_3_5,4706,0.04,0.02,52,40,12,0.875,0.875,0.9429,0.825,0.5833,0.7692,35,33,7,5,5
character_3_5,4706,0.04,0.03,52,40,12,0.875,0.8,0.9688,0.775,0.5833,0.7308,32,31,7,5,8
character_3_5,4706,0.04,0.04,52,40,12,0.875,0.8,0.9688,0.775,0.75,0.7692,32,31,9,3,8
character_3_5,4706,0.04,0.05,52,40,12,0.875,0.775,0.9677,0.75,0.8333,0.7692,31,30,10,2,9
character_3_5,4706,0.04,0.07,52,40,12,0.875,0.725,1.0,0.725,0.9167,0.7692,29,29,11,1,11
character_3_5,4706,0.04,0.1,52,40,12,0.875,0.6,1.0,0.6,1.0,0.6923,24,24,12,0,16
character_3_5,4706,0.04,0.13,52,40,12,0.875,0.5,1.0,0.5,1.0,0.6154,20,20,12,0,20
character_3_5,4706,0.06,0.0,52,40,12,0.875,1.0,0.875,0.875,0.0,0.6731,40,35,0,12,0
character_3_5,4706,0.06,0.01,52,40,12,0.875,0.925,0.9189,0.85,0.4167,0.75,37,34,5,7,3
character_3_5,4706,0.06,0.02,52,40,12,0.875,0.875,0.9429,0.825,0.5833,0.7692,35,33,7,5,5
character_3_5,4706,0.06,0.03,52,40,12,0.875,0.8,0.9688,0.775,0.5833,0.7308,32,31,7,5,8
character_3_5,4706,0.06,0.04,52,40,12,0.875,0.8,0.9688,0.775,0.75,0.7692,32,31,9,3,8
character_3_5,4706,0.06,0.05,52,40,12,0.875,0.775,0.9677,0.75,0.8333,0.7692,31,30,10,2,9
character_3_5,4706,0.06,0.07,52,40,12,0.875,0.725,1.0,0.725,0.9167,0.7692,29,29,11,1,11
character_3_5,4706,0.06,0.1,52,40,12,0.875,0.6,1.0,0.6,1.0,0.6923,24,24,12,0,16
character_3_5,4706,0.06,0.13,52,40,12,0.875,0.5,1.0,0.5,1.0,0.6154,20,20,12,0,20
character_3_5,4706,0.08,0.0,52,40,12,0.875,1.0,0.875,0.875,0.0833,0.6923,40,35,1,11,0
character_3_5,4706,0.08,0.01,52,40,12,0.875,0.925,0.9189,0.85,0.4167,0.75,37,34,5,7,3
character_3_5,4706,0.08,0.02,52,40,12,0.875,0.875,0.9429,0.825,0.5833,0.7692,35,33,7,5,5
character_3_5,4706,0.08,0.03,52,40,12,0.875,0.8,0.9688,0.775,0.5833,0.7308,32,31,7,5,8
character_3_5,4706,0.08,0.04,52,40,12,0.875,0.8,0.9688,0.775,0.75,0.7692,32,31,9,3,8
character_3_5,4706,0.08,0.05,52,40,12,0.875,0.775,0.9677,0.75,0.8333,0.7692,31,30,10,2,9
character_3_5,4706,0.08,0.07,52,40,12,0.875,0.725,1.0,0.725,0.9167,0.7692,29,29,11,1,11
character_3_5,4706,0.08,0.1,52,40,12,0.875,0.6,1.0,0.6,1.0,0.6923,24,24,12,0,16
character_3_5,4706,0.08,0.13,52,40,12,0.875,0.5,1.0,0.5,1.0,0.6154,20,20,12,0,20
character_3_5,4706,0.1,0.0,52,40,12,0.875,1.0,0.875,0.875,0.25,0.7308,40,35,3,9,0
character_3_5,4706,0.1,0.01,52,40,12,0.875,0.925,0.9189,0.85,0.5,0.7692,37,34,6,6,3
character_3_5,4706,0.1,0.02,52,40,12,0.875,0.875,0.9429,0.825,0.5833,0.7692,35,33,7,5,5
character_3_5,4706,0.1,0.03,52,40,12,0.875,0.8,0.9688,0.775,0.5833,0.7308,32,31,7,5,8
character_3_5,4706,0.1,0.04,52,40,12,0.875,0.8,0.9688,0.775,0.75,0.7692,32,31,9,3,8
character_3_5,4706,0.1,0.05,52,40,12,0.875,0.775,0.9677,0.75,0.8333,0.7692,31,30,10,2,9
character_3_5,4706,0.1,0.07,52,40,12,0.875,0.725,1.0,0.725,0.9167,0.7692,29,29,11,1,11
character_3_5,4706,0.1,0.1,52,40,12,0.875,0.6,1.0,0.6,1.0,0.6923,24,24,12,0,16
character_3_5,4706,0.1,0.13,52,40,12,0.875,0.5,1.0,0.5,1.0,0.6154,20,20,12,0,20
character_3_5,4706,0.12,0.0,52,40,12,0.875,0.975,0.8718,0.85,0.5,0.7692,39,34,6,6,1
character_3_5,4706,0.12,0.01,52,40,12,0.875,0.925,0.9189,0.85,0.5833,0.7885,37,34,7,5,3
character_3_5,4706,0.12,0.02,52,40,12,0.875,0.875,0.9429,0.825,0.6667,0.7885,35,33,8,4,5
character_3_5,4706,0.12,0.03,52,40,12,0.875,0.8,0.9688,0.775,0.6667,0.75,32,31,8,4,8
character_3_5,4706,0.12,0.04,52,40,12,0.875,0.8,0.9688,0.775,0.75,0.7692,32,31,9,3,8
character_3_5,4706,0.12,0.05,52,40,12,0.875,0.775,0.9677,0.75,0.8333,0.7692,31,30,10,2,9
character_3_5,4706,0.12,0.07,52,40,12,0.875,0.725,1.0,0.725,0.9167,0.7692,29,29,11,1,11
character_3_5,4706,0.12,0.1,52,40,12,0.875,0.6,1.0,0.6,1.0,0.6923,24,24,12,0,16
character_3_5,4706,0.12,0.13,52,40,12,0.875,0.5,1.0,0.5,1.0,0.6154,20,20,12,0,20
character_3_5,4706,0.14,0.0,52,40,12,0.875,0.9,0.9167,0.825,0.5833,0.7692,36,33,7,5,4
character_3_5,4706,0.14,0.01,52,40,12,0.875,0.9,0.9167,0.825,0.6667,0.7885,36,33,8,4,4
character_3_5,4706,0.14,0.02,52,40,12,0.875,0.85,0.9412,0.8,0.75,0.7885,34,32,9,3,6
character_3_5,4706,0.14,0.03,52,40,12,0.875,0.8,0.9688,0.775,0.75,0.7692,32,31,9,3,8
character_3_5,4706,0.14,0.04,52,40,12,0.875,0.8,0.9688,0.775,0.75,0.7692,32,31,9,3,8
character_3_5,4706,0.14,0.05,52,40,12,0.875,0.775,0.9677,0.75,0.8333,0.7692,31,30,10,2,9
character_3_5,4706,0.14,0.07,52,40,12,0.875,0.725,1.0,0.725,0.9167,0.7692,29,29,11,1,11
character_3_5,4706,0.14,0.1,52,40,12,0.875,0.6,1.0,0.6,1.0,0.6923,24,24,12,0,16
character_3_5,4706,0.14,0.13,52,40,12,0.875,0.5,1.0,0.5,1.0,0.6154,20,20,12,0,20
character_3_5,4706,0.16,0.0,52,40,12,0.875,0.875,0.9143,0.8,0.8333,0.8077,35,32,10,2,5
character_3_5,4706,0.16,0.01,52,40,12,0.875,0.875,0.9143,0.8,0.8333,0.8077,35,32,10,2,5
character_3_5,4706,0.16,0.02,52,40,12,0.875,0.85,0.9412,0.8,0.8333,0.8077,34,32,10,2,6
character_3_5,4706,0.16,0.03,52,40,12,0.875,0.8,0.9688,0.775,0.8333,0.7885,32,31,10,2,8
character_3_5,4706,0.16,0.04,52,40,12,0.875,0.8,0.9688,0.775,0.8333,0.7885,32,31,10,2,8
character_3_5,4706,0.16,0.05,52,40,12,0.875,0.775,0.9677,0.75,0.8333,0.7692,31,30,10,2,9
character_3_5,4706,0.16,0.07,52,40,12,0.875,0.725,1.0,0.725,0.9167,0.7692,29,29,11,1,11
character_3_5,4706,0.16,0.1,52,40,12,0.875,0.6,1.0,0.6,1.0,0.6923,24,24,12,0,16
character_3_5,4706,0.16,0.13,52,40,12,0.875,0.5,1.0,0.5,1.0,0.6154,20,20,12,0,20
character_3_5,4706,0.18,0.0,52,40,12,0.875,0.775,1.0,0.775,0.8333,0.7885,31,31,10,2,9
character_3_5,4706,0.18,0.01,52,40,12,0.875,0.775,1.0,0.775,0.8333,0.7885,31,31,10,2,9
character_3_5,4706,0.18,0.02,52,40,12,0.875,0.775,1.0,0.775,0.8333,0.7885,31,31,10,2,9
character_3_5,4706,0.18,0.03,52,40,12,0.875,0.775,1.0,0.775,0.8333,0.7885,31,31,10,2,9
character_3_5,4706,0.18,0.04,52,40,12,0.875,0.775,1.0,0.775,0.8333,0.7885,31,31,10,2,9
character_3_5,4706,0.18,0.05,52,40,12,0.875,0.75,1.0,0.75,0.8333,0.7692,30,30,10,2,10
character_3_5,4706,0.18,0.07,52,40,12,0.875,0.725,1.0,0.725,0.9167,0.7692,29,29,11,1,11
character_3_5,4706,0.18,0.1,52,40,12,0.875,0.6,1.0,0.6,1.0,0.6923,24,24,12,0,16
character_3_5,4706,0.18,0.13,52,40,12,0.875,0.5,1.0,0.5,1.0,0.6154,20,20,12,0,20
character_3_5,4706,0.2,0.0,52,40,12,0.875,0.775,1.0,0.775,0.9167,0.8077,31,31,11,1,9
character_3_5,4706,0.2,0.01,52,40,12,0.875,0.775,1.0,0.775,0.9167,0.8077,31,31,11,1,9
character_3_5,4706,0.2,0.02,52,40,12,0.875,0.775,1.0,0.775,0.9167,0.8077,31,31,11,1,9
character_3_5,4706,0.2,0.03,52,40,12,0.875,0.775,1.0,0.775,0.9167,0.8077,31,31,11,1,9
character_3_5,4706,0.2,0.04,52,40,12,0.875,0.775,1.0,0.775,0.9167,0.8077,31,31,11,1,9
character_3_5,4706,0.2,0.05,52,40,12,0.875,0.75,1.0,0.75,0.9167,0.7885,30,30,11,1,10
character_3_5,4706,0.2,0.07,52,40,12,0.875,0.725,1.0,0.725,0.9167,0.7692,29,29,11,1,11
character_3_5,4706,0.2,0.1,52,40,12,0.875,0.6,1.0,0.6,1.0,0.6923,24,24,12,0,16
character_3_5,4706,0.2,0.13,52,40,12,0.875,0.5,1.0,0.5,1.0,0.6154,20,20,12,0,20
character_3_5,4706,0.22,0.0,52,40,12,0.875,0.7,1.0,0.7,0.9167,0.75,28,28,11,1,12
character_3_5,4706,0.22,0.01,52,40,12,0.875,0.7,1.0,0.7,0.9167,0.75,28,28,11,1,12
character_3_5,4706,0.22,0.02,52,40,12,0.875,0.7,1.0,0.7,0.9167,0.75,28,28,11,1,12
character_3_5,4706,0.22,0.03,52,40,12,0.875,0.7,1.0,0.7,0.9167,0.75,28,28,11,1,12
character_3_5,4706,0.22,0.04,52,40,12,0.875,0.7,1.0,0.7,0.9167,0.75,28,28,11,1,12
character_3_5,4706,0.22,0.05,52,40,12,0.875,0.675,1.0,0.675,0.9167,0.7308,27,27,11,1,13
character_3_5,4706,0.22,0.07,52,40,12,0.875,0.675,1.0,0.675,0.9167,0.7308,27,27,11,1,13
character_3_5,4706,0.22,0.1,52,40,12,0.875,0.6,1.0,0.6,1.0,0.6923,24,24,12,0,16
character_3_5,4706,0.22,0.13,52,40,12,0.875,0.5,1.0,0.5,1.0,0.6154,20,20,12,0,20
character_3_5,4706,0.24,0.0,52,40,12,0.875,0.675,1.0,0.675,0.9167,0.7308,27,27,11,1,13
character_3_5,4706,0.24,0.01,52,40,12,0.875,0.675,1.0,0.675,0.9167,0.7308,27,27,11,1,13
character_3_5,4706,0.24,0.02,52,40,12,0.875,0.675,1.0,0.675,0.9167,0.7308,27,27,11,1,13
character_3_5,4706,0.24,0.03,52,40,12,0.875,0.675,1.0,0.675,0.9167,0.7308,27,27,11,1,13
character_3_5,4706,0.24,0.04,52,40,12,0.875,0.675,1.0,0.675,0.9167,0.7308,27,27,11,1,13
character_3_5,4706,0.24,0.05,52,40,12,0.875,0.675,1.0,0.675,0.9167,0.7308,27,27,11,1,13
character_3_5,4706,0.24,0.07,52,40,12,0.875,0.675,1.0,0.675,0.9167,0.7308,27,27,11,1,13
character_3_5,4706,0.24,0.1,52,40,12,0.875,0.6,1.0,0.6,1.0,0.6923,24,24,12,0,16
character_3_5,4706,0.24,0.13,52,40,12,0.875,0.5,1.0,0.5,1.0,0.6154,20,20,12,0,20
character_3_5,4706,0.26,0.0,52,40,12,0.875,0.625,1.0,0.625,1.0,0.7115,25,25,12,0,15
character_3_5,4706,0.26,0.01,52,40,12,0.875,0.625,1.0,0.625,1.0,0.7115,25,25,12,0,15
character_3_5,4706,0.26,0.02,52,40,12,0.875,0.625,1.0,0.625,1.0,0.7115,25,25,12,0,15
character_3_5,4706,0.26,0.03,52,40,12,0.875,0.625,1.0,0.625,1.0,0.7115,25,25,12,0,15
character_3_5,4706,0.26,0.04,52,40,12,0.875,0.625,1.0,0.625,1.0,0.7115,25,25,12,0,15
character_3_5,4706,0.26,0.05,52,40,12,0.875,0.625,1.0,0.625,1.0,0.7115,25,25,12,0,15
character_3_5,4706,0.26,0.07,52,40,12,0.875,0.625,1.0,0.625,1.0,0.7115,25,25,12,0,15
character_3_5,4706,0.26,0.1,52,40,12,0.875,0.575,1.0,0.575,1.0,0.6731,23,23,12,0,17
character_3_5,4706,0.26,0.13,52,40,12,0.875,0.5,1.0,0.5,1.0,0.6154,20,20,12,0,20
character_3_5,4706,0.28,0.0,52,40,12,0.875,0.5,1.0,0.5,1.0,0.6154,20,20,12,0,20
character_3_5,4706,0.28,0.01,52,40,12,0.875,0.5,1.0,0.5,1.0,0.6154,20,20,12,0,20
character_3_5,4706,0.28,0.02,52,40,12,0.875,0.5,1.0,0.5,1.0,0.6154,20,20,12,0,20
character_3_5,4706,0.28,0.03,52,40,12,0.875,0.5,1.0,0.5,1.0,0.6154,20,20,12,0,20
character_3_5,4706,0.28,0.04,52,40,12,0.875,0.5,1.0,0.5,1.0,0.6154,20,20,12,0,20
character_3_5,4706,0.28,0.05,52,40,12,0.875,0.5,1.0,0.5,1.0,0.6154,20,20,12,0,20
character_3_5,4706,0.28,0.07,52,40,12,0.875,0.5,1.0,0.5,1.0,0.6154,20,20,12,0,20
character_3_5,4706,0.28,0.1,52,40,12,0.875,0.5,1.0,0.5,1.0,0.6154,20,20,12,0,20
character_3_5,4706,0.28,0.13,52,40,12,0.875,0.45,1.0,0.45,1.0,0.5769,18,18,12,0,22
character_3_5,4706,0.3,0.0,52,40,12,0.875,0.325,1.0,0.325,1.0,0.4808,13,13,12,0,27
character_3_5,4706,0.3,0.01,52,40,12,0.875,0.325,1.0,0.325,1.0,0.4808,13,13,12,0,27
character_3_5,4706,0.3,0.02,52,40,12,0.875,0.325,1.0,0.325,1.0,0.4808,13,13,12,0,27
character_3_5,4706,0.3,0.03,52,40,12,0.875,0.325,1.0,0.325,1.0,0.4808,13,13,12,0,27
character_3_5,4706,0.3,0.04,52,40,12,0.875,0.325,1.0,0.325,1.0,0.4808,13,13,12,0,27
character_3_5,4706,0.3,0.05,52,40,12,0.875,0.325,1.0,0.325,1.0,0.4808,13,13,12,0,27
character_3_5,4706,0.3,0.07,52,40,12,0.875,0.325,1.0,0.325,1.0,0.4808,13,13,12,0,27
character_3_5,4706,0.3,0.1,52,40,12,0.875,0.325,1.0,0.325,1.0,0.4808,13,13,12,0,27
character_3_5,4706,0.3,0.13,52,40,12,0.875,0.325,1.0,0.325,1.0,0.4808,13,13,12,0,27
character_3_5,4706,0.32,0.0,52,40,12,0.875,0.225,1.0,0.225,1.0,0.4038,9,9,12,0,31
character_3_5,4706,0.32,0.01,52,40,12,0.875,0.225,1.0,0.225,1.0,0.4038,9,9,12,0,31
character_3_5,4706,0.32,0.02,52,40,12,0.875,0.225,1.0,0.225,1.0,0.4038,9,9,12,0,31
character_3_5,4706,0.32,0.03,52,40,12,0.875,0.225,1.0,0.225,1.0,0.4038,9,9,12,0,31
character_3_5,4706,0.32,0.04,52,40,12,0.875,0.225,1.0,0.225,1.0,0.4038,9,9,12,0,31
character_3_5,4706,0.32,0.05,52,40,12,0.875,0.225,1.0,0.225,1.0,0.4038,9,9,12,0,31
character_3_5,4706,0.32,0.07,52,40,12,0.875,0.225,1.0,0.225,1.0,0.4038,9,9,12,0,31
character_3_5,4706,0.32,0.1,52,40,12,0.875,0.225,1.0,0.225,1.0,0.4038,9,9,12,0,31
character_3_5,4706,0.32,0.13,52,40,12,0.875,0.225,1.0,0.225,1.0,0.4038,9,9,12,0,31
character_3_5,4706,0.34,0.0,52,40,12,0.875,0.1,1.0,0.1,1.0,0.3077,4,4,12,0,36
character_3_5,4706,0.34,0.01,52,40,12,0.875,0.1,1.0,0.1,1.0,0.3077,4,4,12,0,36
character_3_5,4706,0.34,0.02,52,40,12,0.875,0.1,1.0,0.1,1.0,0.3077,4,4,12,0,36
character_3_5,4706,0.34,0.03,52,40,12,0.875,0.1,1.0,0.1,1.0,0.3077,4,4,12,0,36
character_3_5,4706,0.34,0.04,52,40,12,0.875,0.1,1.0,0.1,1.0,0.3077,4,4,12,0,36
character_3_5,4706,0.34,0.05,52,40,12,0.875,0.1,1.0,0.1,1.0,0.3077,4,4,12,0,36
character_3_5,4706,0.34,0.07,52,40,12,0.875,0.1,1.0,0.1,1.0,0.3077,4,4,12,0,36
character_3_5,4706,0.34,0.1,52,40,12,0.875,0.1,1.0,0.1,1.0,0.3077,4,4,12,0,36
character_3_5,4706,0.34,0.13,52,40,12,0.875,0.1,1.0,0.1,1.0,0.3077,4,4,12,0,36
character_3_5,4706,0.36,0.0,52,40,12,0.875,0.05,1.0,0.05,1.0,0.2692,2,2,12,0,38
character_3_5,4706,0.36,0.01,52,40,12,0.875,0.05,1.0,0.05,1.0,0.2692,2,2,12,0,38
character_3_5,4706,0.36,0.02,52,40,12,0.875,0.05,1.0,0.05,1.0,0.2692,2,2,12,0,38
character_3_5,4706,0.36,0.03,52,40,12,0.875,0.05,1.0,0.05,1.0,0.2692,2,2,12,0,38
character_3_5,4706,0.36,0.04,52,40,12,0.875,0.05,1.0,0.05,1.0,0.2692,2,2,12,0,38
character_3_5,4706,0.36,0.05,52,40,12,0.875,0.05,1.0,0.05,1.0,0.2692,2,2,12,0,38
character_3_5,4706,0.36,0.07,52,40,12,0.875,0.05,1.0,0.05,1.0,0.2692,2,2,12,0,38
character_3_5,4706,0.36,0.1,52,40,12,0.875,0.05,1.0,0.05,1.0,0.2692,2,2,12,0,38
character_3_5,4706,0.36,0.13,52,40,12,0.875,0.05,1.0,0.05,1.0,0.2692,2,2,12,0,38
character_3_5,4706,0.38,0.0,52,40,12,0.875,0.025,1.0,0.025,1.0,0.25,1,1,12,0,39
character_3_5,4706,0.38,0.01,52,40,12,0.875,0.025,1.0,0.025,1.0,0.25,1,1,12,0,39
character_3_5,4706,0.38,0.02,52,40,12,0.875,0.025,1.0,0.025,1.0,0.25,1,1,12,0,39
character_3_5,4706,0.38,0.03,52,40,12,0.875,0.025,1.0,0.025,1.0,0.25,1,1,12,0,39
character_3_5,4706,0.38,0.04,52,40,12,0.875,0.025,1.0,0.025,1.0,0.25,1,1,12,0,39
character_3_5,4706,0.38,0.05,52,40,12,0.875,0.025,1.0,0.025,1.0,0.25,1,1,12,0,39
character_3_5,4706,0.38,0.07,52,40,12,0.875,0.025,1.0,0.025,1.0,0.25,1,1,12,0,39
character_3_5,4706,0.38,0.1,52,40,12,0.875,0.025,1.0,0.025,1.0,0.25,1,1,12,0,39
character_3_5,4706,0.38,0.13,52,40,12,0.875,0.025,1.0,0.025,1.0,0.25,1,1,12,0,39
character_3_5,4706,0.4,0.0,52,40,12,0.875,0.025,1.0,0.025,1.0,0.25,1,1,12,0,39
character_3_5,4706,0.4,0.01,52,40,12,0.875,0.025,1.0,0.025,1.0,0.25,1,1,12,0,39
character_3_5,4706,0.4,0.02,52,40,12,0.875,0.025,1.0,0.025,1.0,0.25,1,1,12,0,39
character_3_5,4706,0.4,0.03,52,40,12,0.875,0.025,1.0,0.025,1.0,0.25,1,1,12,0,39
character_3_5,4706,0.4,0.04,52,40,12,0.875,0.025,1.0,0.025,1.0,0.25,1,1,12,0,39
character_3_5,4706,0.4,0.05,52,40,12,0.875,0.025,1.0,0.025,1.0,0.25,1,1,12,0,39
character_3_5,4706,0.4,0.07,52,40,12,0.875,0.025,1.0,0.025,1.0,0.25,1,1,12,0,39
character_3_5,4706,0.4,0.1,52,40,12,0.875,0.025,1.0,0.025,1.0,0.25,1,1,12,0,39
character_3_5,4706,0.4,0.13,52,40,12,0.875,0.025,1.0,0.025,1.0,0.25,1,1,12,0,39
hybrid_word_char,5416,0.02,0.0,52,40,12,0.875,1.0,0.875,0.875,0.0,0.6731,40,35,0,12,0
hybrid_word_char,5416,0.02,0.01,52,40,12,0.875,0.925,0.9189,0.85,0.4167,0.75,37,34,5,7,3
hybrid_word_char,5416,0.02,0.02,52,40,12,0.875,0.875,0.9429,0.825,0.5833,0.7692,35,33,7,5,5
hybrid_word_char,5416,0.02,0.03,52,40,12,0.875,0.8,0.9688,0.775,0.5833,0.7308,32,31,7,5,8
hybrid_word_char,5416,0.02,0.04,52,40,12,0.875,0.8,0.9688,0.775,0.75,0.7692,32,31,9,3,8
hybrid_word_char,5416,0.02,0.05,52,40,12,0.875,0.775,0.9677,0.75,0.8333,0.7692,31,30,10,2,9
hybrid_word_char,5416,0.02,0.07,52,40,12,0.875,0.725,1.0,0.725,0.9167,0.7692,29,29,11,1,11
hybrid_word_char,5416,0.02,0.1,52,40,12,0.875,0.575,1.0,0.575,1.0,0.6731,23,23,12,0,17
hybrid_word_char,5416,0.02,0.13,52,40,12,0.875,0.5,1.0,0.5,1.0,0.6154,20,20,12,0,20
hybrid_word_char,5416,0.04,0.0,52,40,12,0.875,1.0,0.875,0.875,0.0,0.6731,40,35,0,12,0
hybrid_word_char,5416,0.04,0.01,52,40,12,0.875,0.925,0.9189,0.85,0.4167,0.75,37,34,5,7,3
hybrid_word_char,5416,0.04,0.02,52,40,12,0.875,0.875,0.9429,0.825,0.5833,0.7692,35,33,7,5,5
hybrid_word_char,5416,0.04,0.03,52,40,12,0.875,0.8,0.9688,0.775,0.5833,0.7308,32,31,7,5,8
hybrid_word_char,5416,0.04,0.04,52,40,12,0.875,0.8,0.9688,0.775,0.75,0.7692,32,31,9,3,8
hybrid_word_char,5416,0.04,0.05,52,40,12,0.875,0.775,0.9677,0.75,0.8333,0.7692,31,30,10,2,9
hybrid_word_char,5416,0.04,0.07,52,40,12,0.875,0.725,1.0,0.725,0.9167,0.7692,29,29,11,1,11
hybrid_word_char,5416,0.04,0.1,52,40,12,0.875,0.575,1.0,0.575,1.0,0.6731,23,23,12,0,17
hybrid_word_char,5416,0.04,0.13,52,40,12,0.875,0.5,1.0,0.5,1.0,0.6154,20,20,12,0,20
hybrid_word_char,5416,0.06,0.0,52,40,12,0.875,1.0,0.875,0.875,0.0,0.6731,40,35,0,12,0
hybrid_word_char,5416,0.06,0.01,52,40,12,0.875,0.925,0.9189,0.85,0.4167,0.75,37,34,5,7,3
hybrid_word_char,5416,0.06,0.02,52,40,12,0.875,0.875,0.9429,0.825,0.5833,0.7692,35,33,7,5,5
hybrid_word_char,5416,0.06,0.03,52,40,12,0.875,0.8,0.9688,0.775,0.5833,0.7308,32,31,7,5,8
hybrid_word_char,5416,0.06,0.04,52,40,12,0.875,0.8,0.9688,0.775,0.75,0.7692,32,31,9,3,8
hybrid_word_char,5416,0.06,0.05,52,40,12,0.875,0.775,0.9677,0.75,0.8333,0.7692,31,30,10,2,9
hybrid_word_char,5416,0.06,0.07,52,40,12,0.875,0.725,1.0,0.725,0.9167,0.7692,29,29,11,1,11
hybrid_word_char,5416,0.06,0.1,52,40,12,0.875,0.575,1.0,0.575,1.0,0.6731,23,23,12,0,17
hybrid_word_char,5416,0.06,0.13,52,40,12,0.875,0.5,1.0,0.5,1.0,0.6154,20,20,12,0,20
hybrid_word_char,5416,0.08,0.0,52,40,12,0.875,1.0,0.875,0.875,0.0833,0.6923,40,35,1,11,0
hybrid_word_char,5416,0.08,0.01,52,40,12,0.875,0.925,0.9189,0.85,0.4167,0.75,37,34,5,7,3
hybrid_word_char,5416,0.08,0.02,52,40,12,0.875,0.875,0.9429,0.825,0.5833,0.7692,35,33,7,5,5
hybrid_word_char,5416,0.08,0.03,52,40,12,0.875,0.8,0.9688,0.775,0.5833,0.7308,32,31,7,5,8
hybrid_word_char,5416,0.08,0.04,52,40,12,0.875,0.8,0.9688,0.775,0.75,0.7692,32,31,9,3,8
hybrid_word_char,5416,0.08,0.05,52,40,12,0.875,0.775,0.9677,0.75,0.8333,0.7692,31,30,10,2,9
hybrid_word_char,5416,0.08,0.07,52,40,12,0.875,0.725,1.0,0.725,0.9167,0.7692,29,29,11,1,11
hybrid_word_char,5416,0.08,0.1,52,40,12,0.875,0.575,1.0,0.575,1.0,0.6731,23,23,12,0,17
hybrid_word_char,5416,0.08,0.13,52,40,12,0.875,0.5,1.0,0.5,1.0,0.6154,20,20,12,0,20
hybrid_word_char,5416,0.1,0.0,52,40,12,0.875,1.0,0.875,0.875,0.25,0.7308,40,35,3,9,0
hybrid_word_char,5416,0.1,0.01,52,40,12,0.875,0.925,0.9189,0.85,0.5,0.7692,37,34,6,6,3
hybrid_word_char,5416,0.1,0.02,52,40,12,0.875,0.875,0.9429,0.825,0.5833,0.7692,35,33,7,5,5
hybrid_word_char,5416,0.1,0.03,52,40,12,0.875,0.8,0.9688,0.775,0.5833,0.7308,32,31,7,5,8
hybrid_word_char,5416,0.1,0.04,52,40,12,0.875,0.8,0.9688,0.775,0.75,0.7692,32,31,9,3,8
hybrid_word_char,5416,0.1,0.05,52,40,12,0.875,0.775,0.9677,0.75,0.8333,0.7692,31,30,10,2,9
hybrid_word_char,5416,0.1,0.07,52,40,12,0.875,0.725,1.0,0.725,0.9167,0.7692,29,29,11,1,11
hybrid_word_char,5416,0.1,0.1,52,40,12,0.875,0.575,1.0,0.575,1.0,0.6731,23,23,12,0,17
hybrid_word_char,5416,0.1,0.13,52,40,12,0.875,0.5,1.0,0.5,1.0,0.6154,20,20,12,0,20
hybrid_word_char,5416,0.12,0.0,52,40,12,0.875,0.975,0.8718,0.85,0.5,0.7692,39,34,6,6,1
hybrid_word_char,5416,0.12,0.01,52,40,12,0.875,0.925,0.9189,0.85,0.5833,0.7885,37,34,7,5,3
hybrid_word_char,5416,0.12,0.02,52,40,12,0.875,0.875,0.9429,0.825,0.6667,0.7885,35,33,8,4,5
hybrid_word_char,5416,0.12,0.03,52,40,12,0.875,0.8,0.9688,0.775,0.6667,0.75,32,31,8,4,8
hybrid_word_char,5416,0.12,0.04,52,40,12,0.875,0.8,0.9688,0.775,0.75,0.7692,32,31,9,3,8
hybrid_word_char,5416,0.12,0.05,52,40,12,0.875,0.775,0.9677,0.75,0.8333,0.7692,31,30,10,2,9
hybrid_word_char,5416,0.12,0.07,52,40,12,0.875,0.725,1.0,0.725,0.9167,0.7692,29,29,11,1,11
hybrid_word_char,5416,0.12,0.1,52,40,12,0.875,0.575,1.0,0.575,1.0,0.6731,23,23,12,0,17
hybrid_word_char,5416,0.12,0.13,52,40,12,0.875,0.5,1.0,0.5,1.0,0.6154,20,20,12,0,20
hybrid_word_char,5416,0.14,0.0,52,40,12,0.875,0.925,0.9189,0.85,0.5833,0.7885,37,34,7,5,3
hybrid_word_char,5416,0.14,0.01,52,40,12,0.875,0.925,0.9189,0.85,0.6667,0.8077,37,34,8,4,3
hybrid_word_char,5416,0.14,0.02,52,40,12,0.875,0.875,0.9429,0.825,0.75,0.8077,35,33,9,3,5
hybrid_word_char,5416,0.14,0.03,52,40,12,0.875,0.8,0.9688,0.775,0.75,0.7692,32,31,9,3,8
hybrid_word_char,5416,0.14,0.04,52,40,12,0.875,0.8,0.9688,0.775,0.75,0.7692,32,31,9,3,8
hybrid_word_char,5416,0.14,0.05,52,40,12,0.875,0.775,0.9677,0.75,0.8333,0.7692,31,30,10,2,9
hybrid_word_char,5416,0.14,0.07,52,40,12,0.875,0.725,1.0,0.725,0.9167,0.7692,29,29,11,1,11
hybrid_word_char,5416,0.14,0.1,52,40,12,0.875,0.575,1.0,0.575,1.0,0.6731,23,23,12,0,17
hybrid_word_char,5416,0.14,0.13,52,40,12,0.875,0.5,1.0,0.5,1.0,0.6154,20,20,12,0,20
hybrid_word_char,5416,0.16,0.0,52,40,12,0.875,0.875,0.9143,0.8,0.8333,0.8077,35,32,10,2,5
hybrid_word_char,5416,0.16,0.01,52,40,12,0.875,0.875,0.9143,0.8,0.8333,0.8077,35,32,10,2,5
hybrid_word_char,5416,0.16,0.02,52,40,12,0.875,0.85,0.9412,0.8,0.8333,0.8077,34,32,10,2,6
hybrid_word_char,5416,0.16,0.03,52,40,12,0.875,0.8,0.9688,0.775,0.8333,0.7885,32,31,10,2,8
hybrid_word_char,5416,0.16,0.04,52,40,12,0.875,0.8,0.9688,0.775,0.8333,0.7885,32,31,10,2,8
hybrid_word_char,5416,0.16,0.05,52,40,12,0.875,0.775,0.9677,0.75,0.8333,0.7692,31,30,10,2,9
hybrid_word_char,5416,0.16,0.07,52,40,12,0.875,0.725,1.0,0.725,0.9167,0.7692,29,29,11,1,11
hybrid_word_char,5416,0.16,0.1,52,40,12,0.875,0.575,1.0,0.575,1.0,0.6731,23,23,12,0,17
hybrid_word_char,5416,0.16,0.13,52,40,12,0.875,0.5,1.0,0.5,1.0,0.6154,20,20,12,0,20
hybrid_word_char,5416,0.18,0.0,52,40,12,0.875,0.775,1.0,0.775,0.8333,0.7885,31,31,10,2,9
hybrid_word_char,5416,0.18,0.01,52,40,12,0.875,0.775,1.0,0.775,0.8333,0.7885,31,31,10,2,9
hybrid_word_char,5416,0.18,0.02,52,40,12,0.875,0.775,1.0,0.775,0.8333,0.7885,31,31,10,2,9
hybrid_word_char,5416,0.18,0.03,52,40,12,0.875,0.775,1.0,0.775,0.8333,0.7885,31,31,10,2,9
hybrid_word_char,5416,0.18,0.04,52,40,12,0.875,0.775,1.0,0.775,0.8333,0.7885,31,31,10,2,9
hybrid_word_char,5416,0.18,0.05,52,40,12,0.875,0.75,1.0,0.75,0.8333,0.7692,30,30,10,2,10
hybrid_word_char,5416,0.18,0.07,52,40,12,0.875,0.725,1.0,0.725,0.9167,0.7692,29,29,11,1,11
hybrid_word_char,5416,0.18,0.1,52,40,12,0.875,0.575,1.0,0.575,1.0,0.6731,23,23,12,0,17
hybrid_word_char,5416,0.18,0.13,52,40,12,0.875,0.5,1.0,0.5,1.0,0.6154,20,20,12,0,20
hybrid_word_char,5416,0.2,0.0,52,40,12,0.875,0.725,1.0,0.725,0.9167,0.7692,29,29,11,1,11
hybrid_word_char,5416,0.2,0.01,52,40,12,0.875,0.725,1.0,0.725,0.9167,0.7692,29,29,11,1,11
hybrid_word_char,5416,0.2,0.02,52,40,12,0.875,0.725,1.0,0.725,0.9167,0.7692,29,29,11,1,11
hybrid_word_char,5416,0.2,0.03,52,40,12,0.875,0.725,1.0,0.725,0.9167,0.7692,29,29,11,1,11
hybrid_word_char,5416,0.2,0.04,52,40,12,0.875,0.725,1.0,0.725,0.9167,0.7692,29,29,11,1,11
hybrid_word_char,5416,0.2,0.05,52,40,12,0.875,0.7,1.0,0.7,0.9167,0.75,28,28,11,1,12
hybrid_word_char,5416,0.2,0.07,52,40,12,0.875,0.675,1.0,0.675,0.9167,0.7308,27,27,11,1,13
hybrid_word_char,5416,0.2,0.1,52,40,12,0.875,0.575,1.0,0.575,1.0,0.6731,23,23,12,0,17
hybrid_word_char,5416,0.2,0.13,52,40,12,0.875,0.5,1.0,0.5,1.0,0.6154,20,20,12,0,20
hybrid_word_char,5416,0.22,0.0,52,40,12,0.875,0.7,1.0,0.7,0.9167,0.75,28,28,11,1,12
hybrid_word_char,5416,0.22,0.01,52,40,12,0.875,0.7,1.0,0.7,0.9167,0.75,28,28,11,1,12
hybrid_word_char,5416,0.22,0.02,52,40,12,0.875,0.7,1.0,0.7,0.9167,0.75,28,28,11,1,12
hybrid_word_char,5416,0.22,0.03,52,40,12,0.875,0.7,1.0,0.7,0.9167,0.75,28,28,11,1,12
hybrid_word_char,5416,0.22,0.04,52,40,12,0.875,0.7,1.0,0.7,0.9167,0.75,28,28,11,1,12
hybrid_word_char,5416,0.22,0.05,52,40,12,0.875,0.675,1.0,0.675,0.9167,0.7308,27,27,11,1,13
hybrid_word_char,5416,0.22,0.07,52,40,12,0.875,0.675,1.0,0.675,0.9167,0.7308,27,27,11,1,13
hybrid_word_char,5416,0.22,0.1,52,40,12,0.875,0.575,1.0,0.575,1.0,0.6731,23,23,12,0,17
hybrid_word_char,5416,0.22,0.13,52,40,12,0.875,0.5,1.0,0.5,1.0,0.6154,20,20,12,0,20
hybrid_word_char,5416,0.24,0.0,52,40,12,0.875,0.675,1.0,0.675,0.9167,0.7308,27,27,11,1,13
hybrid_word_char,5416,0.24,0.01,52,40,12,0.875,0.675,1.0,0.675,0.9167,0.7308,27,27,11,1,13
hybrid_word_char,5416,0.24,0.02,52,40,12,0.875,0.675,1.0,0.675,0.9167,0.7308,27,27,11,1,13
hybrid_word_char,5416,0.24,0.03,52,40,12,0.875,0.675,1.0,0.675,0.9167,0.7308,27,27,11,1,13
hybrid_word_char,5416,0.24,0.04,52,40,12,0.875,0.675,1.0,0.675,0.9167,0.7308,27,27,11,1,13
hybrid_word_char,5416,0.24,0.05,52,40,12,0.875,0.675,1.0,0.675,0.9167,0.7308,27,27,11,1,13
hybrid_word_char,5416,0.24,0.07,52,40,12,0.875,0.675,1.0,0.675,0.9167,0.7308,27,27,11,1,13
hybrid_word_char,5416,0.24,0.1,52,40,12,0.875,0.575,1.0,0.575,1.0,0.6731,23,23,12,0,17
hybrid_word_char,5416,0.24,0.13,52,40,12,0.875,0.5,1.0,0.5,1.0,0.6154,20,20,12,0,20
hybrid_word_char,5416,0.26,0.0,52,40,12,0.875,0.6,1.0,0.6,0.9167,0.6731,24,24,11,1,16
hybrid_word_char,5416,0.26,0.01,52,40,12,0.875,0.6,1.0,0.6,0.9167,0.6731,24,24,11,1,16
hybrid_word_char,5416,0.26,0.02,52,40,12,0.875,0.6,1.0,0.6,0.9167,0.6731,24,24,11,1,16
hybrid_word_char,5416,0.26,0.03,52,40,12,0.875,0.6,1.0,0.6,0.9167,0.6731,24,24,11,1,16
hybrid_word_char,5416,0.26,0.04,52,40,12,0.875,0.6,1.0,0.6,0.9167,0.6731,24,24,11,1,16
hybrid_word_char,5416,0.26,0.05,52,40,12,0.875,0.6,1.0,0.6,0.9167,0.6731,24,24,11,1,16
hybrid_word_char,5416,0.26,0.07,52,40,12,0.875,0.6,1.0,0.6,0.9167,0.6731,24,24,11,1,16
hybrid_word_char,5416,0.26,0.1,52,40,12,0.875,0.55,1.0,0.55,1.0,0.6538,22,22,12,0,18
hybrid_word_char,5416,0.26,0.13,52,40,12,0.875,0.5,1.0,0.5,1.0,0.6154,20,20,12,0,20
hybrid_word_char,5416,0.28,0.0,52,40,12,0.875,0.45,1.0,0.45,1.0,0.5769,18,18,12,0,22
hybrid_word_char,5416,0.28,0.01,52,40,12,0.875,0.45,1.0,0.45,1.0,0.5769,18,18,12,0,22
hybrid_word_char,5416,0.28,0.02,52,40,12,0.875,0.45,1.0,0.45,1.0,0.5769,18,18,12,0,22
hybrid_word_char,5416,0.28,0.03,52,40,12,0.875,0.45,1.0,0.45,1.0,0.5769,18,18,12,0,22
hybrid_word_char,5416,0.28,0.04,52,40,12,0.875,0.45,1.0,0.45,1.0,0.5769,18,18,12,0,22
hybrid_word_char,5416,0.28,0.05,52,40,12,0.875,0.45,1.0,0.45,1.0,0.5769,18,18,12,0,22
hybrid_word_char,5416,0.28,0.07,52,40,12,0.875,0.45,1.0,0.45,1.0,0.5769,18,18,12,0,22
hybrid_word_char,5416,0.28,0.1,52,40,12,0.875,0.45,1.0,0.45,1.0,0.5769,18,18,12,0,22
hybrid_word_char,5416,0.28,0.13,52,40,12,0.875,0.4,1.0,0.4,1.0,0.5385,16,16,12,0,24
hybrid_word_char,5416,0.3,0.0,52,40,12,0.875,0.3,1.0,0.3,1.0,0.4615,12,12,12,0,28
hybrid_word_char,5416,0.3,0.01,52,40,12,0.875,0.3,1.0,0.3,1.0,0.4615,12,12,12,0,28
hybrid_word_char,5416,0.3,0.02,52,40,12,0.875,0.3,1.0,0.3,1.0,0.4615,12,12,12,0,28
hybrid_word_char,5416,0.3,0.03,52,40,12,0.875,0.3,1.0,0.3,1.0,0.4615,12,12,12,0,28
hybrid_word_char,5416,0.3,0.04,52,40,12,0.875,0.3,1.0,0.3,1.0,0.4615,12,12,12,0,28
hybrid_word_char,5416,0.3,0.05,52,40,12,0.875,0.3,1.0,0.3,1.0,0.4615,12,12,12,0,28
hybrid_word_char,5416,0.3,0.07,52,40,12,0.875,0.3,1.0,0.3,1.0,0.4615,12,12,12,0,28
hybrid_word_char,5416,0.3,0.1,52,40,12,0.875,0.3,1.0,0.3,1.0,0.4615,12,12,12,0,28
hybrid_word_char,5416,0.3,0.13,52,40,12,0.875,0.3,1.0,0.3,1.0,0.4615,12,12,12,0,28
hybrid_word_char,5416,0.32,0.0,52,40,12,0.875,0.2,1.0,0.2,1.0,0.3846,8,8,12,0,32
hybrid_word_char,5416,0.32,0.01,52,40,12,0.875,0.2,1.0,0.2,1.0,0.3846,8,8,12,0,32
hybrid_word_char,5416,0.32,0.02,52,40,12,0.875,0.2,1.0,0.2,1.0,0.3846,8,8,12,0,32
hybrid_word_char,5416,0.32,0.03,52,40,12,0.875,0.2,1.0,0.2,1.0,0.3846,8,8,12,0,32
hybrid_word_char,5416,0.32,0.04,52,40,12,0.875,0.2,1.0,0.2,1.0,0.3846,8,8,12,0,32
hybrid_word_char,5416,0.32,0.05,52,40,12,0.875,0.2,1.0,0.2,1.0,0.3846,8,8,12,0,32
hybrid_word_char,5416,0.32,0.07,52,40,12,0.875,0.2,1.0,0.2,1.0,0.3846,8,8,12,0,32
hybrid_word_char,5416,0.32,0.1,52,40,12,0.875,0.2,1.0,0.2,1.0,0.3846,8,8,12,0,32
hybrid_word_char,5416,0.32,0.13,52,40,12,0.875,0.2,1.0,0.2,1.0,0.3846,8,8,12,0,32
hybrid_word_char,5416,0.34,0.0,52,40,12,0.875,0.1,1.0,0.1,1.0,0.3077,4,4,12,0,36
hybrid_word_char,5416,0.34,0.01,52,40,12,0.875,0.1,1.0,0.1,1.0,0.3077,4,4,12,0,36
hybrid_word_char,5416,0.34,0.02,52,40,12,0.875,0.1,1.0,0.1,1.0,0.3077,4,4,12,0,36
hybrid_word_char,5416,0.34,0.03,52,40,12,0.875,0.1,1.0,0.1,1.0,0.3077,4,4,12,0,36
hybrid_word_char,5416,0.34,0.04,52,40,12,0.875,0.1,1.0,0.1,1.0,0.3077,4,4,12,0,36
hybrid_word_char,5416,0.34,0.05,52,40,12,0.875,0.1,1.0,0.1,1.0,0.3077,4,4,12,0,36
hybrid_word_char,5416,0.34,0.07,52,40,12,0.875,0.1,1.0,0.1,1.0,0.3077,4,4,12,0,36
hybrid_word_char,5416,0.34,0.1,52,40,12,0.875,0.1,1.0,0.1,1.0,0.3077,4,4,12,0,36
hybrid_word_char,5416,0.34,0.13,52,40,12,0.875,0.1,1.0,0.1,1.0,0.3077,4,4,12,0,36
hybrid_word_char,5416,0.36,0.0,52,40,12,0.875,0.05,1.0,0.05,1.0,0.2692,2,2,12,0,38
hybrid_word_char,5416,0.36,0.01,52,40,12,0.875,0.05,1.0,0.05,1.0,0.2692,2,2,12,0,38
hybrid_word_char,5416,0.36,0.02,52,40,12,0.875,0.05,1.0,0.05,1.0,0.2692,2,2,12,0,38
hybrid_word_char,5416,0.36,0.03,52,40,12,0.875,0.05,1.0,0.05,1.0,0.2692,2,2,12,0,38
hybrid_word_char,5416,0.36,0.04,52,40,12,0.875,0.05,1.0,0.05,1.0,0.2692,2,2,12,0,38
hybrid_word_char,5416,0.36,0.05,52,40,12,0.875,0.05,1.0,0.05,1.0,0.2692,2,2,12,0,38
hybrid_word_char,5416,0.36,0.07,52,40,12,0.875,0.05,1.0,0.05,1.0,0.2692,2,2,12,0,38
hybrid_word_char,5416,0.36,0.1,52,40,12,0.875,0.05,1.0,0.05,1.0,0.2692,2,2,12,0,38
hybrid_word_char,5416,0.36,0.13,52,40,12,0.875,0.05,1.0,0.05,1.0,0.2692,2,2,12,0,38
hybrid_word_char,5416,0.38,0.0,52,40,12,0.875,0.025,1.0,0.025,1.0,0.25,1,1,12,0,39
hybrid_word_char,5416,0.38,0.01,52,40,12,0.875,0.025,1.0,0.025,1.0,0.25,1,1,12,0,39
hybrid_word_char,5416,0.38,0.02,52,40,12,0.875,0.025,1.0,0.025,1.0,0.25,1,1,12,0,39
hybrid_word_char,5416,0.38,0.03,52,40,12,0.875,0.025,1.0,0.025,1.0,0.25,1,1,12,0,39
hybrid_word_char,5416,0.38,0.04,52,40,12,0.875,0.025,1.0,0.025,1.0,0.25,1,1,12,0,39
hybrid_word_char,5416,0.38,0.05,52,40,12,0.875,0.025,1.0,0.025,1.0,0.25,1,1,12,0,39
hybrid_word_char,5416,0.38,0.07,52,40,12,0.875,0.025,1.0,0.025,1.0,0.25,1,1,12,0,39
hybrid_word_char,5416,0.38,0.1,52,40,12,0.875,0.025,1.0,0.025,1.0,0.25,1,1,12,0,39
hybrid_word_char,5416,0.38,0.13,52,40,12,0.875,0.025,1.0,0.025,1.0,0.25,1,1,12,0,39
hybrid_word_char,5416,0.4,0.0,52,40,12,0.875,0.025,1.0,0.025,1.0,0.25,1,1,12,0,39
hybrid_word_char,5416,0.4,0.01,52,40,12,0.875,0.025,1.0,0.025,1.0,0.25,1,1,12,0,39
hybrid_word_char,5416,0.4,0.02,52,40,12,0.875,0.025,1.0,0.025,1.0,0.25,1,1,12,0,39
hybrid_word_char,5416,0.4,0.03,52,40,12,0.875,0.025,1.0,0.025,1.0,0.25,1,1,12,0,39
hybrid_word_char,5416,0.4,0.04,52,40,12,0.875,0.025,1.0,0.025,1.0,0.25,1,1,12,0,39
hybrid_word_char,5416,0.4,0.05,52,40,12,0.875,0.025,1.0,0.025,1.0,0.25,1,1,12,0,39
hybrid_word_char,5416,0.4,0.07,52,40,12,0.875,0.025,1.0,0.025,1.0,0.25,1,1,12,0,39
hybrid_word_char,5416,0.4,0.1,52,40,12,0.875,0.025,1.0,0.025,1.0,0.25,1,1,12,0,39
hybrid_word_char,5416,0.4,0.13,52,40,12,0.875,0.025,1.0,0.025,1.0,0.25,1,1,12,0,39
