critic_rating,is_action,is_exclusive_to_us,is_portable,is_role_playing,is_sequel,is_sports,suitable_for_kids,unit_price,total_earnings
0.5,1.0,0.0,1.0,0.0,1.0,0.0,0.0,1.0,0.37471396
0.8333333,0.0,0.0,0.0,0.0,1.0,1.0,0.0,0.5,0.19242528
0.33333334,0.0,0.0,0.0,0.0,1.0,1.0,0.0,0.5,0.114851855
0.8333333,1.0,0.0,0.0,0.0,0.0,0.0,1.0,0.0,0.14245208
0.6666667,1.0,0.0,1.0,0.0,1.0,0.0,1.0,1.0,0.48068243
0.6666667,0.0,0.0,0.0,1.0,1.0,0.0,0.0,0.0,0.13972016
0.0,1.0,0.0,0.0,0.0,1.0,0.0,0.0,0.5,0.11338792
0.8333333,0.0,0.0,1.0,1.0,1.0,0.0,1.0,1.0,0.44906747
0.5,0.0,0.0,1.0,0.0,0.0,1.0,0.0,0.0,0.061274283
0.16666667,1.0,0.0,0.0,0.0,1.0,0.0,0.0,1.0,0.2066801
0.8333333,1.0,0.0,1.0,0.0,1.0,0.0,0.0,1.0,0.47775456
0.5,0.0,0.0,0.0,1.0,0.0,0.0,0.0,1.0,0.13232657
0.5,0.0,0.0,0.0,1.0,1.0,0.0,0.0,0.5,0.17925362
0.6666667,0.0,0.0,0.0,1.0,0.0,0.0,0.0,1.0,0.16335742
0.5,0.0,0.0,0.0,1.0,1.0,0.0,0.0,1.0,0.23946692
0.6666667,0.0,0.0,0.0,1.0,1.0,0.0,1.0,1.0,0.31206816
0.5,1.0,0.0,0.0,0.0,1.0,0.0,0.0,0.5,0.22852813
0.33333334,1.0,0.0,0.0,0.0,1.0,0.0,1.0,1.0,0.29274505
0.16666667,1.0,1.0,0.0,0.0,1.0,0.0,0.0,0.5,0.3480564
1.0,1.0,0.0,0.0,0.0,1.0,0.0,0.0,1.0,0.42799208
0.6666667,0.0,0.0,0.0,0.0,1.0,1.0,0.0,1.0,0.22483133
0.8333333,0.0,0.0,0.0,0.0,0.0,1.0,1.0,0.5,0.1280235
0.16666667,0.0,1.0,0.0,1.0,1.0,0.0,1.0,1.0,0.40164506
0.6666667,1.0,0.0,0.0,0.0,1.0,0.0,1.0,0.5,0.29634202
0.8333333,1.0,0.0,0.0,0.0,1.0,0.0,1.0,0.0,0.24860908
0.8333333,0.0,0.0,0.0,0.0,1.0,1.0,1.0,1.0,0.2892331
0.0,0.0,0.0,0.0,1.0,1.0,0.0,1.0,0.0,0.06283433
0.5,1.0,0.0,1.0,0.0,1.0,0.0,0.0,0.5,0.29536608
0.5,0.0,0.0,0.0,1.0,1.0,0.0,1.0,1.0,0.26932588
0.0,1.0,0.0,1.0,0.0,0.0,0.0,1.0,0.5,0.10460805
0.5,1.0,1.0,0.0,0.0,1.0,0.0,0.0,0.5,0.4651485
0.8333333,0.0,0.0,0.0,0.0,1.0,1.0,1.0,1.0,0.28864902
0.8333333,1.0,0.0,0.0,0.0,0.0,0.0,0.0,0.5,0.17730172
0.5,0.0,0.0,0.0,0.0,1.0,1.0,0.0,1.0,0.1932164
0.33333334,1.0,0.0,0.0,0.0,1.0,0.0,0.0,1.0,0.24883458
0.33333334,0.0,1.0,0.0,1.0,1.0,0.0,0.0,1.0,0.41745254
0.6666667,0.0,0.0,0.0,1.0,1.0,0.0,0.0,1.0,0.27342564
0.5,1.0,1.0,0.0,0.0,1.0,0.0,0.0,1.0,0.5790429
0.5,1.0,0.0,0.0,0.0,1.0,0.0,0.0,1.0,0.29860076
0.0,0.0,0.0,1.0,1.0,1.0,0.0,0.0,1.0,0.17740892
0.6666667,0.0,0.0,0.0,1.0,1.0,0.0,0.0,0.5,0.2085248
0.0,0.0,0.0,1.0,0.0,0.0,1.0,1.0,0.0,0.0136596365
0.6666667,0.0,0.0,0.0,0.0,1.0,1.0,1.0,1.0,0.2546903
1.0,0.0,0.0,0.0,0.0,1.0,1.0,0.0,1.0,0.28747714
0.0,1.0,1.0,1.0,0.0,1.0,0.0,0.0,1.0,0.45726326
0.6666667,1.0,0.0,0.0,0.0,0.0,0.0,1.0,0.0,0.12294043
0.8333333,1.0,1.0,0.0,0.0,1.0,0.0,0.0,0.0,0.43984768
0.5,0.0,1.0,1.0,0.0,1.0,1.0,0.0,1.0,0.50644535
0.16666667,1.0,0.0,0.0,0.0,1.0,0.0,1.0,1.0,0.2406388
0.6666667,0.0,0.0,0.0,1.0,0.0,0.0,0.0,1.0,0.16276963
0.6666667,0.0,0.0,0.0,1.0,1.0,0.0,0.0,1.0,0.27108186
0.6666667,0.0,0.0,0.0,1.0,1.0,0.0,0.0,0.0,0.14089203
0.8333333,1.0,1.0,0.0,0.0,1.0,0.0,0.0,1.0,0.73536533
0.8333333,0.0,0.0,0.0,0.0,1.0,1.0,0.0,1.0,0.25351843
0.8333333,1.0,0.0,0.0,0.0,0.0,0.0,0.0,1.0,0.2418107
0.6666667,0.0,0.0,1.0,1.0,1.0,0.0,0.0,1.0,0.3442672
0.6666667,0.0,0.0,0.0,1.0,0.0,0.0,0.0,1.0,0.15984178
0.6666667,1.0,0.0,1.0,0.0,1.0,0.0,0.0,0.0,0.2474409
0.8333333,1.0,0.0,1.0,0.0,1.0,0.0,1.0,0.0,0.323543
0.16666667,0.0,0.0,1.0,1.0,1.0,0.0,0.0,1.0,0.21839152
0.33333334,0.0,0.0,0.0,1.0,1.0,0.0,0.0,0.0,0.09288553
0.16666667,1.0,0.0,0.0,0.0,0.0,0.0,0.0,0.0,0.0370751
0.8333333,0.0,1.0,0.0,0.0,0.0,1.0,0.0,0.0,0.18187095
0.0,0.0,0.0,0.0,0.0,1.0,1.0,1.0,1.0,0.11885917
0.16666667,1.0,0.0,1.0,0.0,0.0,0.0,0.0,1.0,0.15984178
0.33333334,0.0,0.0,1.0,1.0,1.0,0.0,0.0,0.0,0.13894013
0.8333333,1.0,1.0,1.0,0.0,1.0,0.0,0.0,0.0,0.5557642
0.33333334,1.0,0.0,0.0,0.0,1.0,0.0,1.0,1.0,0.29157686
0.6666667,1.0,0.0,0.0,0.0,1.0,0.0,0.0,1.0,0.33841148
0.5,1.0,1.0,1.0,0.0,1.0,0.0,0.0,1.0,0.71370214
0.16666667,0.0,1.0,1.0,1.0,1.0,0.0,0.0,1.0,0.44438365
0.16666667,1.0,1.0,0.0,0.0,0.0,0.0,1.0,1.0,0.316752
0.8333333,0.0,1.0,1.0,0.0,1.0,1.0,0.0,1.0,0.63583297
0.33333334,1.0,0.0,0.0,0.0,0.0,0.0,0.0,0.5,0.10265614
0.6666667,1.0,0.0,0.0,0.0,0.0,0.0,0.0,1.0,0.21019575
0.6666667,1.0,0.0,0.0,0.0,1.0,0.0,1.0,1.0,0.38759357
1.0,0.0,1.0,0.0,1.0,1.0,0.0,1.0,0.0,0.46131495
0.8333333,1.0,0.0,1.0,0.0,1.0,0.0,0.0,1.0,0.47248664
0.33333334,0.0,0.0,0.0,1.0,0.0,0.0,1.0,1.0,0.12939872
0.0,1.0,0.0,0.0,0.0,0.0,0.0,1.0,0.0,0.028099297
0.5,1.0,0.0,0.0,0.0,0.0,0.0,0.0,1.0,0.17623703
0.8333333,0.0,1.0,0.0,0.0,0.0,1.0,0.0,1.0,0.33080348
0.6666667,1.0,0.0,0.0,0.0,1.0,0.0,0.0,0.0,0.18616292
0.33333334,0.0,0.0,0.0,1.0,1.0,0.0,0.0,0.5,0.14753886
0.8333333,0.0,0.0,1.0,0.0,0.0,1.0,1.0,0.0,0.11942478
0.8333333,0.0,0.0,0.0,0.0,0.0,1.0,1.0,1.0,0.17272508
0.0,1.0,0.0,0.0,0.0,1.0,0.0,0.0,1.0,0.16160145
0.5,1.0,1.0,0.0,0.0,1.0,0.0,0.0,1.0,0.581383
1.0,1.0,0.0,0.0,0.0,1.0,0.0,0.0,1.0,0.42564833
0.6666667,0.0,1.0,0.0,0.0,1.0,1.0,0.0,0.5,0.3641596
0.6666667,0.0,0.0,0.0,1.0,1.0,0.0,0.0,1.0,0.2751816
0.33333334,0.0,1.0,0.0,1.0,1.0,0.0,1.0,1.0,0.47599858
0.0,0.0,0.0,0.0,1.0,1.0,0.0,0.0,1.0,0.12647086
0.5,0.0,0.0,0.0,1.0,1.0,0.0,1.0,0.5,0.20901278
1.0,0.0,0.0,0.0,1.0,0.0,0.0,0.0,0.5,0.15729839
0.33333334,0.0,0.0,1.0,0.0,1.0,1.0,0.0,1.0,0.21136393
0.5,0.0,0.0,0.0,1.0,1.0,0.0,0.0,0.0,0.11942478
0.6666667,0.0,1.0,1.0,1.0,1.0,0.0,0.0,1.0,0.6785716
0.5,0.0,0.0,0.0,1.0,1.0,0.0,1.0,1.0,0.26522985
0.6666667,1.0,0.0,0.0,0.0,0.0,0.0,0.0,0.5,0.1509547
0.5,1.0,0.0,1.0,0.0,1.0,0.0,0.0,1.0,0.38173786
0.5,1.0,0.0,0.0,0.0,1.0,0.0,0.0,1.0,0.29274505
0.5,0.0,0.0,1.0,1.0,1.0,0.0,1.0,0.0,0.1924105
0.0,1.0,0.0,0.0,0.0,1.0,0.0,0.0,0.0,0.07298201
0.6666667,0.0,1.0,0.0,1.0,0.0,0.0,1.0,1.0,0.40164506
0.6666667,0.0,0.0,0.0,1.0,1.0,0.0,0.0,0.5,0.20364504
0.5,0.0,0.0,0.0,0.0,0.0,1.0,1.0,1.0,0.12529898
0.6666667,1.0,0.0,0.0,0.0,1.0,0.0,0.0,1.0,0.33489954
0.5,0.0,1.0,0.0,0.0,0.0,1.0,1.0,1.0,0.29274505
0.5,1.0,0.0,0.0,0.0,1.0,0.0,0.0,0.5,0.22755218
0.6666667,1.0,0.0,1.0,0.0,0.0,0.0,0.0,0.0,0.14362396
0.6666667,0.0,0.0,0.0,1.0,1.0,0.0,1.0,0.5,0.2392599
0.0,0.0,0.0,0.0,1.0,0.0,0.0,0.0,0.0,0.0
0.33333334,1.0,0.0,0.0,0.0,1.0,0.0,0.0,0.5,0.1919373
0.5,1.0,0.0,1.0,0.0,1.0,0.0,0.0,1.0,0.37061423
0.6666667,1.0,0.0,0.0,0.0,0.0,0.0,0.0,1.0,0.2066801
0.16666667,1.0,0.0,0.0,0.0,1.0,0.0,0.0,0.5,0.1509547
0.5,0.0,0.0,0.0,1.0,1.0,0.0,0.0,1.0,0.23537087
0.6666667,1.0,0.0,0.0,0.0,1.0,0.0,0.0,0.0,0.18772666
0.8333333,0.0,0.0,0.0,1.0,1.0,0.0,1.0,1.0,0.34836695
0.16666667,0.0,0.0,0.0,0.0,0.0,1.0,0.0,1.0,0.055629287
0.0,1.0,0.0,0.0,0.0,0.0,0.0,0.0,0.5,0.050450083
0.8333333,0.0,0.0,0.0,1.0,0.0,0.0,0.0,1.0,0.18443282
0.6666667,0.0,0.0,1.0,1.0,1.0,0.0,0.0,1.0,0.34661096
0.6666667,1.0,0.0,0.0,0.0,1.0,0.0,1.0,0.0,0.21270217
0.5,0.0,0.0,0.0,1.0,1.0,0.0,0.0,0.0,0.11825659
0.8333333,1.0,0.0,1.0,0.0,0.0,0.0,0.0,1.0,0.30914032
0.8333333,1.0,0.0,0.0,0.0,1.0,0.0,0.0,0.5,0.3012218
0.5,0.0,0.0,0.0,0.0,1.0,1.0,0.0,0.5,0.13875899
0.0,1.0,0.0,0.0,0.0,1.0,0.0,0.0,1.0,0.1651134
0.16666667,0.0,0.0,1.0,0.0,1.0,1.0,1.0,1.0,0.20609601
0.8333333,1.0,1.0,0.0,0.0,1.0,0.0,0.0,0.0,0.44648343
0.6666667,0.0,1.0,0.0,1.0,1.0,0.0,0.0,1.0,0.5445001
0.5,1.0,1.0,0.0,0.0,1.0,0.0,0.0,0.0,0.34891406
0.5,1.0,1.0,0.0,0.0,0.0,0.0,0.0,0.0,0.21114212
0.16666667,1.0,0.0,0.0,0.0,1.0,0.0,1.0,1.0,0.2418107
0.33333334,1.0,1.0,0.0,0.0,1.0,0.0,0.0,1.0,0.5023456
0.5,0.0,1.0,0.0,0.0,0.0,1.0,0.0,1.0,0.25761816
0.6666667,1.0,1.0,0.0,0.0,1.0,0.0,0.0,0.0,0.40004066
0.0,0.0,0.0,1.0,1.0,0.0,0.0,0.0,1.0,0.08607235
0.5,0.0,0.0,1.0,0.0,1.0,1.0,1.0,1.0,0.28981718
0.5,0.0,1.0,1.0,0.0,0.0,1.0,0.0,1.0,0.32845974
0.0,0.0,0.0,0.0,1.0,1.0,0.0,0.0,1.0,0.12178703
0.5,0.0,0.0,0.0,1.0,0.0,0.0,0.0,0.5,0.09240864
0.5,0.0,0.0,0.0,1.0,1.0,0.0,0.0,0.0,0.119036615
0.8333333,1.0,0.0,1.0,0.0,1.0,0.0,0.0,1.0,0.48478216
0.6666667,0.0,0.0,0.0,0.0,0.0,1.0,0.0,0.0,0.0441027
0.5,0.0,1.0,0.0,0.0,1.0,1.0,0.0,0.5,0.3134175
0.6666667,0.0,0.0,0.0,1.0,1.0,0.0,0.0,0.5,0.20608492
0.8333333,1.0,0.0,0.0,0.0,1.0,0.0,0.0,0.0,0.21621782
0.8333333,0.0,1.0,1.0,0.0,0.0,1.0,0.0,1.0,0.42857617
0.6666667,1.0,0.0,0.0,0.0,1.0,0.0,1.0,1.0,0.38349384
1.0,1.0,0.0,0.0,0.0,1.0,0.0,0.0,0.5,0.3334208
0.33333334,0.0,0.0,0.0,1.0,1.0,0.0,0.0,1.0,0.19731243
0.0,0.0,0.0,0.0,0.0,0.0,1.0,0.0,1.0,0.036309864
0.5,1.0,1.0,1.0,0.0,1.0,0.0,0.0,0.0,0.43711576
0.8333333,0.0,0.0,0.0,0.0,1.0,1.0,0.0,1.0,0.25351843
0.0,0.0,0.0,1.0,0.0,0.0,1.0,1.0,0.0,0.01795161
0.16666667,0.0,0.0,0.0,0.0,0.0,1.0,1.0,1.0,0.07202085
0.6666667,0.0,0.0,0.0,1.0,1.0,0.0,1.0,0.5,0.24169978
0.16666667,0.0,0.0,0.0,1.0,1.0,0.0,0.0,1.0,0.16042957
0.6666667,0.0,0.0,0.0,1.0,1.0,0.0,1.0,1.0,0.30796844
0.16666667,0.0,0.0,0.0,0.0,1.0,1.0,0.0,1.0,0.12881462
0.8333333,0.0,0.0,0.0,1.0,1.0,0.0,0.0,1.0,0.31323636
0.6666667,0.0,0.0,0.0,1.0,1.0,0.0,1.0,1.0,0.31440824
0.5,1.0,0.0,0.0,0.0,1.0,0.0,0.0,0.0,0.15884365
0.0,0.0,0.0,1.0,1.0,1.0,0.0,0.0,0.0,0.07805771
0.6666667,0.0,0.0,0.0,1.0,1.0,0.0,1.0,1.0,0.31323636
0.33333334,1.0,0.0,0.0,0.0,1.0,0.0,0.0,0.0,0.12879245
0.6666667,1.0,0.0,0.0,0.0,0.0,0.0,0.0,0.5,0.15388255
0.6666667,1.0,0.0,1.0,0.0,1.0,0.0,0.0,1.0,0.42330825
1.0,0.0,1.0,0.0,1.0,0.0,0.0,0.0,1.0,0.44145578
1.0,1.0,0.0,0.0,0.0,1.0,0.0,0.0,1.0,0.42447644
0.16666667,0.0,0.0,1.0,0.0,1.0,1.0,0.0,1.0,0.17565295
0.6666667,0.0,1.0,0.0,0.0,0.0,1.0,0.0,1.0,0.29216096
1.0,1.0,1.0,0.0,0.0,0.0,0.0,0.0,1.0,0.53337646
0.6666667,1.0,0.0,0.0,0.0,1.0,0.0,0.0,0.5,0.25682336
0.5,0.0,0.0,1.0,0.0,0.0,1.0,1.0,0.0,0.07454206
0.8333333,0.0,0.0,0.0,1.0,1.0,0.0,0.0,1.0,0.31323636
1.0,0.0,1.0,0.0,1.0,1.0,0.0,0.0,1.0,0.6615959
0.5,1.0,0.0,1.0,0.0,1.0,0.0,0.0,1.0,0.37588215
1.0,0.0,0.0,1.0,1.0,0.0,0.0,1.0,0.0,0.17445518
0.8333333,0.0,0.0,0.0,0.0,1.0,1.0,1.0,1.0,0.29626068
0.6666667,0.0,1.0,0.0,0.0,1.0,1.0,0.0,1.0,0.4619471
0.6666667,1.0,1.0,0.0,0.0,0.0,0.0,0.0,0.0,0.24782906
0.6666667,0.0,0.0,0.0,1.0,1.0,0.0,1.0,1.0,0.30914032
0.6666667,1.0,1.0,1.0,0.0,1.0,0.0,0.0,0.0,0.5034657
0.6666667,0.0,0.0,0.0,1.0,0.0,0.0,0.0,1.0,0.16160145
0.16666667,0.0,0.0,0.0,0.0,1.0,1.0,0.0,1.0,0.1305706
0.0,1.0,1.0,1.0,0.0,1.0,0.0,0.0,1.0,0.4549232
0.8333333,1.0,1.0,0.0,0.0,1.0,0.0,1.0,1.0,0.80971885
0.0,0.0,0.0,0.0,0.0,1.0,1.0,0.0,1.0,0.09719598
0.8333333,1.0,1.0,0.0,0.0,1.0,0.0,1.0,1.0,0.8202584
0.16666667,1.0,1.0,0.0,0.0,1.0,0.0,0.0,1.0,0.43852794
0.16666667,0.0,0.0,0.0,1.0,1.0,0.0,0.0,1.0,0.16569749
0.5,0.0,1.0,1.0,1.0,1.0,0.0,1.0,1.0,0.66393596
0.8333333,1.0,1.0,0.0,0.0,0.0,0.0,0.0,1.0,0.489466
1.0,0.0,0.0,0.0,1.0,0.0,0.0,1.0,1.0,0.24532264
0.0,1.0,0.0,0.0,0.0,0.0,0.0,0.0,1.0,0.08724423
1.0,0.0,0.0,0.0,0.0,1.0,1.0,0.0,1.0,0.29157686
0.0,0.0,0.0,0.0,0.0,1.0,1.0,0.0,0.5,0.05728175
0.6666667,0.0,0.0,0.0,0.0,1.0,1.0,1.0,1.0,0.25703037
0.0,0.0,0.0,0.0,1.0,1.0,0.0,0.0,1.0,0.12295891
0.8333333,1.0,0.0,1.0,0.0,1.0,0.0,0.0,1.0,0.48185432
0.16666667,0.0,0.0,0.0,1.0,1.0,0.0,1.0,0.0,0.08625349
1.0,0.0,1.0,0.0,1.0,1.0,0.0,0.0,1.0,0.66627973
0.5,1.0,0.0,0.0,0.0,1.0,0.0,0.0,1.0,0.28806123
0.5,1.0,0.0,1.0,0.0,1.0,0.0,0.0,1.0,0.37998188
0.8333333,0.0,0.0,1.0,1.0,1.0,0.0,1.0,0.0,0.2583686
0.8333333,1.0,1.0,0.0,0.0,0.0,0.0,0.0,1.0,0.48653814
0.0,1.0,1.0,0.0,0.0,1.0,0.0,1.0,1.0,0.39871722
0.6666667,0.0,0.0,0.0,0.0,1.0,1.0,1.0,1.0,0.25879005
0.16666667,1.0,0.0,0.0,0.0,1.0,0.0,1.0,0.5,0.17583779
0.6666667,0.0,0.0,0.0,1.0,1.0,0.0,0.0,1.0,0.27635348
1.0,1.0,0.0,0.0,0.0,0.0,0.0,0.0,1.0,0.26581395
0.6666667,1.0,1.0,0.0,0.0,1.0,0.0,0.0,1.0,0.66218
0.6666667,1.0,0.0,1.0,0.0,1.0,0.0,0.0,1.0,0.42799208
0.6666667,1.0,0.0,0.0,0.0,1.0,0.0,0.0,1.0,0.33489954
0.0,1.0,0.0,1.0,0.0,0.0,0.0,1.0,0.5,0.10021626
0.6666667,0.0,1.0,1.0,0.0,0.0,1.0,0.0,0.0,0.21660598
0.5,0.0,0.0,0.0,1.0,1.0,0.0,0.0,1.0,0.23127115
0.5,1.0,0.0,1.0,0.0,1.0,0.0,1.0,0.0,0.24782906
0.5,1.0,0.0,0.0,0.0,1.0,0.0,0.0,1.0,0.29157686
0.6666667,1.0,0.0,1.0,0.0,1.0,0.0,0.0,0.5,0.3417164
0.6666667,0.0,0.0,0.0,1.0,1.0,0.0,0.0,1.0,0.2751816
0.5,0.0,0.0,0.0,1.0,1.0,0.0,0.0,0.5,0.17827767
0.5,1.0,0.0,0.0,0.0,1.0,0.0,1.0,0.0,0.18226281
0.6666667,1.0,0.0,1.0,0.0,0.0,0.0,0.0,0.5,0.20364504
0.5,1.0,0.0,0.0,0.0,1.0,0.0,0.0,0.5,0.2226724
0.6666667,0.0,0.0,0.0,1.0,1.0,0.0,0.0,0.0,0.14206392
0.8333333,0.0,1.0,0.0,1.0,1.0,0.0,1.0,0.5,0.54077005
0.8333333,1.0,0.0,0.0,0.0,1.0,0.0,1.0,1.0,0.42623243
0.16666667,1.0,0.0,0.0,0.0,0.0,0.0,0.0,0.5,0.07728508
0.6666667,1.0,0.0,1.0,0.0,1.0,0.0,0.0,1.0,0.42916027
0.8333333,1.0,0.0,0.0,0.0,0.0,0.0,1.0,1.0,0.27108186
0.33333334,1.0,0.0,0.0,0.0,1.0,0.0,0.0,1.0,0.25000647
0.16666667,1.0,0.0,0.0,0.0,1.0,0.0,0.0,0.0,0.096009314
0.6666667,0.0,1.0,0.0,1.0,1.0,0.0,1.0,0.5,0.4939354
0.5,1.0,1.0,0.0,0.0,0.0,0.0,0.0,0.5,0.29536608
0.8333333,1.0,1.0,0.0,0.0,1.0,0.0,0.0,0.0,0.43984768
0.8333333,1.0,1.0,0.0,0.0,1.0,0.0,0.0,0.5,0.5802887
0.33333334,0.0,0.0,0.0,1.0,1.0,0.0,1.0,1.0,0.23127115
0.6666667,0.0,0.0,0.0,1.0,1.0,0.0,0.0,1.0,0.27342564
0.6666667,0.0,0.0,0.0,1.0,1.0,0.0,0.0,1.0,0.27635348
0.0,1.0,0.0,0.0,0.0,1.0,0.0,0.0,1.0,0.16862535
0.33333334,0.0,1.0,1.0,0.0,1.0,1.0,0.0,1.0,0.45257944
0.5,1.0,0.0,0.0,0.0,0.0,0.0,0.0,1.0,0.17623703
0.6666667,0.0,1.0,0.0,1.0,1.0,0.0,0.0,1.0,0.545672
0.5,0.0,0.0,0.0,1.0,1.0,0.0,0.0,1.0,0.23653907
0.0,0.0,0.0,0.0,1.0,1.0,0.0,0.0,1.0,0.12471489
0.6666667,1.0,0.0,1.0,0.0,1.0,0.0,0.0,1.0,0.42916027
0.6666667,0.0,0.0,0.0,0.0,1.0,1.0,1.0,0.5,0.19486515
0.6666667,1.0,0.0,0.0,0.0,1.0,0.0,0.0,0.5,0.25682336
0.5,0.0,0.0,1.0,1.0,1.0,0.0,0.0,1.0,0.30094454
0.6666667,0.0,0.0,1.0,0.0,1.0,1.0,1.0,1.0,0.33607143
0.6666667,0.0,0.0,0.0,1.0,0.0,0.0,1.0,1.0,0.19087262
0.6666667,1.0,0.0,0.0,0.0,1.0,0.0,0.0,1.0,0.34075525
0.6666667,1.0,0.0,0.0,0.0,1.0,0.0,0.0,0.0,0.18226281
1.0,1.0,1.0,0.0,0.0,0.0,0.0,0.0,0.0,0.32237482
0.5,1.0,1.0,0.0,0.0,1.0,0.0,0.0,1.0,0.581383
0.5,1.0,0.0,0.0,0.0,1.0,0.0,0.0,1.0,0.29040498
0.5,1.0,0.0,0.0,0.0,0.0,0.0,1.0,0.5,0.15534648
0.8333333,0.0,0.0,0.0,1.0,1.0,0.0,0.0,0.0,0.16743128
0.0,0.0,1.0,0.0,0.0,1.0,1.0,0.0,1.0,0.24239478
1.0,0.0,0.0,0.0,0.0,0.0,1.0,0.0,1.0,0.17096911
0.6666667,1.0,0.0,0.0,0.0,0.0,0.0,0.0,1.0,0.21019575
0.6666667,1.0,0.0,0.0,0.0,0.0,0.0,1.0,1.0,0.23712686
0.33333334,0.0,0.0,0.0,1.0,1.0,0.0,0.0,1.0,0.19438827
0.6666667,0.0,0.0,1.0,1.0,1.0,0.0,0.0,1.0,0.35480675
0.5,1.0,1.0,1.0,0.0,1.0,0.0,0.0,1.0,0.72775364
0.0,0.0,0.0,1.0,0.0,0.0,1.0,1.0,0.5,0.0480139
0.6666667,1.0,0.0,0.0,0.0,1.0,0.0,0.0,0.0,0.18304282
0.5,1.0,1.0,1.0,0.0,1.0,0.0,0.0,0.0,0.4417996
0.0,0.0,0.0,0.0,1.0,0.0,0.0,1.0,0.5,0.043622114
0.5,0.0,0.0,1.0,1.0,1.0,0.0,0.0,1.0,0.29977265
0.8333333,0.0,0.0,0.0,1.0,0.0,0.0,0.0,1.0,0.18502061
0.8333333,1.0,1.0,0.0,0.0,1.0,0.0,1.0,1.0,0.80093896
0.8333333,0.0,0.0,0.0,1.0,1.0,0.0,1.0,1.0,0.35480675
0.5,0.0,0.0,0.0,0.0,1.0,1.0,0.0,1.0,0.19497237
0.33333334,1.0,0.0,0.0,0.0,1.0,0.0,0.0,1.0,0.2546903
0.6666667,1.0,0.0,1.0,0.0,1.0,0.0,0.0,1.0,0.43326002
0.33333334,1.0,0.0,0.0,0.0,1.0,0.0,0.0,0.5,0.18900944
0.5,0.0,0.0,1.0,0.0,1.0,1.0,0.0,1.0,0.25293434
0.5,0.0,0.0,1.0,1.0,1.0,0.0,1.0,0.5,0.2660949
0.5,1.0,1.0,1.0,0.0,0.0,0.0,0.0,1.0,0.47482672
1.0,0.0,0.0,0.0,0.0,1.0,1.0,1.0,1.0,0.33255947
0.8333333,1.0,0.0,0.0,0.0,1.0,0.0,0.0,1.0,0.38232195
0.5,1.0,0.0,0.0,0.0,1.0,0.0,0.0,1.0,0.29274505
0.5,1.0,0.0,1.0,0.0,0.0,0.0,0.0,0.5,0.17290993
0.5,1.0,0.0,1.0,0.0,0.0,0.0,0.0,1.0,0.23127115
0.6666667,0.0,0.0,0.0,0.0,1.0,1.0,0.0,0.0,0.11162086
0.8333333,0.0,0.0,0.0,1.0,1.0,0.0,1.0,0.5,0.27097467
1.0,0.0,0.0,0.0,0.0,0.0,1.0,0.0,0.5,0.12265947
0.6666667,1.0,1.0,0.0,0.0,1.0,0.0,1.0,1.0,0.7336094
0.5,1.0,0.0,1.0,0.0,0.0,0.0,1.0,1.0,0.27400973
0.5,0.0,0.0,1.0,1.0,0.0,0.0,0.0,1.0,0.18209276
0.6666667,1.0,1.0,0.0,0.0,0.0,0.0,1.0,1.0,0.49356204
0.6666667,0.0,0.0,0.0,1.0,1.0,0.0,0.0,1.0,0.27108186
0.5,0.0,0.0,0.0,1.0,1.0,0.0,0.0,1.0,0.23244302
0.5,1.0,1.0,0.0,0.0,1.0,0.0,0.0,1.0,0.5714312
0.16666667,1.0,1.0,1.0,0.0,1.0,0.0,0.0,1.0,0.54976803
0.5,1.0,0.0,0.0,0.0,1.0,0.0,1.0,1.0,0.34017116
0.16666667,0.0,1.0,0.0,1.0,1.0,0.0,1.0,0.5,0.3212251
1.0,0.0,1.0,0.0,1.0,1.0,0.0,1.0,1.0,0.74824494
0.6666667,0.0,0.0,0.0,0.0,1.0,1.0,0.0,1.0,0.2201475
0.5,0.0,0.0,0.0,0.0,1.0,1.0,0.0,0.5,0.14217483
0.6666667,0.0,1.0,0.0,1.0,1.0,0.0,0.0,0.5,0.4383172
0.5,0.0,0.0,0.0,1.0,1.0,0.0,0.0,1.0,0.23712686
0.5,1.0,1.0,1.0,0.0,1.0,0.0,0.0,0.5,0.57931274
0.8333333,1.0,1.0,0.0,0.0,0.0,0.0,1.0,1.0,0.54215634
0.6666667,1.0,0.0,1.0,0.0,1.0,0.0,0.0,1.0,0.42096448
1.0,1.0,0.0,0.0,0.0,0.0,0.0,1.0,0.5,0.23487182
0.8333333,1.0,0.0,0.0,0.0,1.0,0.0,0.0,0.0,0.21231401
0.33333334,0.0,0.0,0.0,1.0,1.0,0.0,1.0,1.0,0.22541542
0.0,0.0,0.0,0.0,1.0,1.0,0.0,0.0,0.5,0.087044604
1.0,0.0,0.0,0.0,0.0,0.0,1.0,0.0,1.0,0.17038132
0.33333334,0.0,0.0,0.0,0.0,0.0,1.0,0.0,0.5,0.0480139
1.0,0.0,0.0,0.0,0.0,1.0,1.0,0.0,0.0,0.15415981
0.5,1.0,1.0,0.0,0.0,0.0,0.0,1.0,1.0,0.42564833
0.6666667,0.0,1.0,1.0,1.0,1.0,0.0,0.0,0.0,0.4137003
0.8333333,1.0,1.0,1.0,0.0,1.0,0.0,1.0,1.0,1.0
0.5,0.0,0.0,0.0,1.0,0.0,0.0,0.0,0.0,0.049174692
0.5,1.0,0.0,0.0,0.0,1.0,0.0,0.0,1.0,0.29742888
0.0,1.0,0.0,1.0,0.0,1.0,0.0,1.0,1.0,0.25059056
0.5,0.0,0.0,1.0,1.0,1.0,0.0,0.0,1.0,0.30562466
0.5,1.0,1.0,0.0,0.0,1.0,0.0,0.0,1.0,0.58314264
0.6666667,1.0,0.0,0.0,0.0,1.0,0.0,0.0,0.0,0.18382286
0.16666667,0.0,0.0,0.0,1.0,1.0,0.0,0.0,0.5,0.11680376
1.0,1.0,1.0,0.0,0.0,0.0,0.0,1.0,0.0,0.36100996
0.8333333,1.0,0.0,0.0,0.0,1.0,0.0,0.0,1.0,0.37412617
0.6666667,0.0,0.0,0.0,0.0,0.0,1.0,0.0,1.0,0.123543
1.0,0.0,0.0,0.0,1.0,0.0,0.0,0.0,1.0,0.21487957
1.0,0.0,0.0,0.0,1.0,0.0,0.0,0.0,1.0,0.21253581
0.33333334,0.0,0.0,0.0,1.0,1.0,0.0,0.0,1.0,0.20024028
0.6666667,1.0,1.0,1.0,0.0,1.0,0.0,1.0,1.0,0.91100717
0.5,0.0,0.0,1.0,1.0,1.0,0.0,0.0,1.0,0.3103085
0.8333333,0.0,1.0,1.0,0.0,1.0,1.0,0.0,1.0,0.64988446
0.6666667,0.0,1.0,0.0,1.0,0.0,0.0,0.0,1.0,0.35773462
0.5,0.0,1.0,1.0,0.0,1.0,1.0,1.0,0.5,0.4656365
0.8333333,0.0,0.0,0.0,1.0,0.0,0.0,1.0,1.0,0.21663556
0.5,0.0,0.0,0.0,0.0,0.0,1.0,1.0,1.0,0.123543
0.8333333,0.0,1.0,0.0,1.0,1.0,0.0,0.0,0.0,0.37037763
0.6666667,0.0,0.0,0.0,0.0,1.0,1.0,0.0,0.0,0.11006081
0.16666667,1.0,0.0,1.0,0.0,1.0,0.0,1.0,0.0,0.17016321
0.33333334,0.0,1.0,1.0,1.0,1.0,0.0,0.0,1.0,0.5339606
0.6666667,1.0,0.0,1.0,0.0,1.0,0.0,0.0,1.0,0.43208814
1.0,0.0,0.0,1.0,1.0,1.0,0.0,0.0,0.5,0.3441563
0.0,1.0,0.0,0.0,0.0,1.0,0.0,1.0,1.0,0.19555646
0.8333333,0.0,0.0,1.0,1.0,1.0,0.0,0.0,1.0,0.38817766
0.5,0.0,1.0,1.0,0.0,1.0,1.0,0.0,1.0,0.5187372
0.33333334,1.0,1.0,0.0,0.0,0.0,0.0,0.0,1.0,0.32963163
0.5,0.0,0.0,0.0,1.0,1.0,0.0,0.0,0.5,0.17778969
0.5,0.0,0.0,1.0,1.0,1.0,0.0,0.0,0.5,0.23633204
0.8333333,1.0,1.0,0.0,0.0,1.0,0.0,1.0,0.5,0.6500545
0.5,0.0,0.0,0.0,1.0,1.0,0.0,0.0,1.0,0.23829874
0.16666667,0.0,1.0,0.0,0.0,1.0,1.0,0.0,0.5,0.22950408
0.6666667,0.0,0.0,1.0,1.0,1.0,0.0,0.0,0.5,0.26853478
0.33333334,1.0,0.0,0.0,0.0,1.0,0.0,0.0,1.0,0.25351843
0.0,1.0,0.0,0.0,0.0,1.0,0.0,0.0,0.0,0.06907821
0.5,1.0,0.0,0.0,0.0,1.0,0.0,1.0,1.0,0.33372766
0.6666667,1.0,0.0,0.0,0.0,1.0,0.0,0.0,0.0,0.18850668
0.8333333,0.0,0.0,0.0,0.0,0.0,1.0,1.0,1.0,0.17857711
0.6666667,1.0,0.0,0.0,0.0,1.0,0.0,1.0,1.0,0.38642168
0.5,0.0,0.0,1.0,1.0,1.0,0.0,0.0,0.0,0.16508752
0.5,0.0,0.0,1.0,0.0,1.0,1.0,0.0,0.5,0.18705754
0.5,1.0,0.0,0.0,0.0,1.0,0.0,0.0,1.0,0.29860076
0.33333334,0.0,1.0,0.0,1.0,0.0,0.0,1.0,1.0,0.30562466
1.0,1.0,0.0,0.0,0.0,1.0,0.0,0.0,1.0,0.42330825
1.0,1.0,0.0,0.0,0.0,1.0,0.0,1.0,1.0,0.47307074
0.33333334,1.0,1.0,0.0,0.0,0.0,0.0,1.0,0.0,0.21504593
0.5,1.0,0.0,0.0,0.0,1.0,0.0,0.0,1.0,0.29157686
0.6666667,1.0,1.0,0.0,0.0,1.0,0.0,0.0,1.0,0.6463725
0.0,0.0,1.0,1.0,1.0,1.0,0.0,1.0,0.5,0.32902902
0.33333334,0.0,0.0,0.0,0.0,0.0,1.0,0.0,0.0,0.016783424
0.6666667,1.0,0.0,1.0,0.0,0.0,0.0,0.0,0.5,0.20510896
0.8333333,0.0,1.0,0.0,0.0,1.0,1.0,1.0,1.0,0.5860668
0.16666667,0.0,0.0,0.0,1.0,1.0,0.0,0.0,1.0,0.16042957
0.5,1.0,0.0,0.0,0.0,1.0,0.0,0.0,1.0,0.29391694
0.0,0.0,0.0,1.0,0.0,1.0,1.0,0.0,1.0,0.13466664
0.8333333,0.0,1.0,1.0,1.0,1.0,0.0,0.0,1.0,0.7593686
0.33333334,1.0,0.0,1.0,0.0,1.0,0.0,0.0,1.0,0.33021572
0.6666667,1.0,1.0,0.0,0.0,1.0,0.0,0.0,0.5,0.5310105
0.33333334,0.0,0.0,0.0,1.0,1.0,0.0,0.0,0.5,0.1426628
0.5,1.0,0.0,1.0,0.0,0.0,0.0,1.0,0.0,0.13894013
0.5,0.0,0.0,0.0,0.0,1.0,1.0,0.0,0.5,0.13875899
0.6666667,0.0,0.0,0.0,0.0,1.0,1.0,0.0,1.0,0.22131938
0.5,1.0,1.0,0.0,0.0,1.0,0.0,0.0,1.0,0.57553095
0.16666667,1.0,0.0,1.0,0.0,1.0,0.0,0.0,1.0,0.27166966
0.6666667,1.0,0.0,0.0,0.0,0.0,0.0,0.0,1.0,0.20843607
0.8333333,1.0,0.0,0.0,0.0,1.0,0.0,0.0,1.0,0.38349384
0.5,0.0,0.0,0.0,1.0,1.0,0.0,0.0,1.0,0.23946692
0.8333333,0.0,1.0,0.0,0.0,0.0,1.0,0.0,0.0,0.18382286
0.6666667,0.0,0.0,0.0,1.0,1.0,0.0,0.0,1.0,0.27049777
1.0,0.0,1.0,0.0,1.0,1.0,0.0,0.0,1.0,0.6645238
0.8333333,1.0,0.0,1.0,0.0,1.0,0.0,0.0,0.0,0.27983215
0.6666667,0.0,0.0,0.0,0.0,1.0,1.0,0.0,0.0,0.10927709
0.5,0.0,1.0,0.0,1.0,1.0,0.0,0.0,0.0,0.28334412
0.16666667,0.0,0.0,0.0,0.0,0.0,1.0,0.0,0.0,0.0011718823
0.0,0.0,1.0,1.0,1.0,1.0,0.0,0.0,0.5,0.29536608
0.16666667,1.0,0.0,0.0,0.0,1.0,0.0,0.0,0.5,0.15778637
0.16666667,0.0,0.0,1.0,0.0,0.0,1.0,1.0,1.0,0.11359125
0.0,1.0,1.0,0.0,0.0,1.0,0.0,0.0,1.0,0.36183065
0.5,0.0,0.0,0.0,0.0,1.0,1.0,0.0,0.5,0.13875899
0.5,1.0,1.0,0.0,0.0,1.0,0.0,0.0,1.0,0.5714312
0.5,0.0,0.0,0.0,0.0,0.0,1.0,0.0,0.5,0.06801723
0.8333333,0.0,1.0,0.0,1.0,1.0,0.0,1.0,1.0,0.67037576
0.33333334,0.0,0.0,0.0,1.0,0.0,0.0,0.0,1.0,0.10890742
0.0,0.0,0.0,1.0,1.0,1.0,0.0,0.0,1.0,0.16686937
0.6666667,0.0,0.0,0.0,0.0,0.0,1.0,0.0,0.0,0.045662742
0.5,1.0,0.0,0.0,0.0,1.0,0.0,0.0,0.5,0.22852813
0.0,1.0,0.0,1.0,0.0,0.0,0.0,1.0,0.5,0.10314412
0.8333333,1.0,0.0,1.0,0.0,1.0,0.0,1.0,0.0,0.3215948
1.0,1.0,1.0,0.0,0.0,0.0,0.0,1.0,0.0,0.36530563
0.5,0.0,0.0,1.0,0.0,1.0,1.0,0.0,0.0,0.13074435
0.8333333,0.0,1.0,0.0,1.0,1.0,0.0,1.0,0.0,0.41682038
0.6666667,1.0,0.0,0.0,0.0,0.0,0.0,0.0,0.5,0.15583445
0.8333333,0.0,0.0,0.0,1.0,0.0,0.0,0.0,1.0,0.18443282
0.16666667,0.0,0.0,0.0,0.0,1.0,1.0,0.0,1.0,0.12939872
0.6666667,1.0,0.0,0.0,0.0,1.0,0.0,1.0,1.0,0.38642168
0.6666667,1.0,1.0,0.0,0.0,1.0,0.0,0.0,1.0,0.64461654
0.5,1.0,1.0,0.0,0.0,1.0,0.0,0.0,1.0,0.58723867
0.5,1.0,0.0,0.0,0.0,1.0,0.0,0.0,0.0,0.1572836
0.6666667,0.0,0.0,0.0,1.0,1.0,0.0,0.0,1.0,0.27342564
0.5,1.0,0.0,0.0,0.0,1.0,0.0,0.0,1.0,0.29274505
1.0,0.0,1.0,1.0,0.0,1.0,1.0,0.0,1.0,0.71428627
0.8333333,1.0,0.0,0.0,0.0,1.0,0.0,0.0,1.0,0.38349384
0.0,0.0,0.0,0.0,1.0,0.0,0.0,0.0,1.0,0.054457404
0.5,1.0,1.0,0.0,0.0,1.0,0.0,0.0,1.0,0.5790429
0.0,1.0,0.0,0.0,0.0,1.0,0.0,1.0,0.0,0.090937324
0.8333333,0.0,0.0,0.0,1.0,1.0,0.0,0.0,0.5,0.23487182
0.5,0.0,0.0,0.0,0.0,1.0,1.0,0.0,0.0,0.08625349
0.6666667,0.0,0.0,1.0,1.0,1.0,0.0,0.0,1.0,0.34895104
1.0,1.0,0.0,0.0,0.0,0.0,0.0,1.0,1.0,0.30914032
0.16666667,1.0,1.0,1.0,0.0,1.0,0.0,0.0,0.5,0.43294948
0.8333333,1.0,0.0,0.0,0.0,1.0,0.0,1.0,1.0,0.42623243
0.6666667,0.0,0.0,0.0,0.0,1.0,1.0,0.0,1.0,0.21956341
0.8333333,1.0,0.0,0.0,0.0,1.0,0.0,0.0,1.0,0.37412617
0.6666667,1.0,0.0,0.0,0.0,1.0,0.0,0.0,0.5,0.26267907
0.5,1.0,1.0,0.0,0.0,1.0,0.0,0.0,1.0,0.581383
0.6666667,0.0,0.0,1.0,0.0,0.0,1.0,0.0,1.0,0.17506516
0.0,1.0,1.0,0.0,0.0,1.0,0.0,0.0,0.5,0.2807305
0.5,1.0,0.0,1.0,0.0,1.0,0.0,0.0,1.0,0.37061423
0.0,1.0,1.0,0.0,0.0,1.0,0.0,0.0,1.0,0.36768636
0.33333334,0.0,0.0,0.0,1.0,1.0,0.0,0.0,1.0,0.19380048
0.5,0.0,0.0,1.0,1.0,1.0,0.0,1.0,1.0,0.3442672
0.5,0.0,1.0,1.0,1.0,1.0,0.0,1.0,1.0,0.6615959
0.8333333,0.0,0.0,0.0,0.0,0.0,1.0,0.0,0.0,0.061662447
0.16666667,1.0,1.0,1.0,0.0,1.0,0.0,0.0,1.0,0.5380603
0.0,1.0,0.0,0.0,0.0,1.0,0.0,0.0,0.0,0.07454206
0.8333333,1.0,0.0,0.0,0.0,1.0,0.0,0.0,1.0,0.37529805
0.0,1.0,0.0,0.0,0.0,0.0,0.0,0.0,0.5,0.0480139
0.5,0.0,0.0,0.0,1.0,1.0,0.0,0.0,0.0,0.11825659
0.8333333,1.0,0.0,1.0,0.0,1.0,0.0,0.0,1.0,0.47365853
0.5,1.0,1.0,0.0,0.0,1.0,0.0,0.0,1.0,0.5848986
0.6666667,1.0,0.0,0.0,0.0,1.0,0.0,0.0,1.0,0.33724332
0.33333334,0.0,0.0,0.0,1.0,1.0,0.0,0.0,1.0,0.20024028
0.16666667,0.0,1.0,0.0,1.0,1.0,0.0,1.0,1.0,0.39578936
1.0,0.0,0.0,1.0,1.0,0.0,0.0,1.0,0.5,0.24853145
1.0,1.0,1.0,1.0,0.0,1.0,0.0,0.0,1.0,0.9724811
0.0,1.0,0.0,0.0,0.0,1.0,0.0,0.0,1.0,0.16628528
0.0,0.0,0.0,0.0,1.0,1.0,0.0,0.0,1.0,0.12881462
0.5,0.0,0.0,0.0,0.0,0.0,1.0,0.0,0.5,0.06606532
0.5,0.0,0.0,0.0,1.0,1.0,0.0,0.0,0.0,0.11630469
0.6666667,0.0,0.0,0.0,0.0,0.0,1.0,0.0,1.0,0.12705866
1.0,1.0,1.0,0.0,0.0,1.0,0.0,0.0,0.0,0.50034195
0.0,0.0,0.0,0.0,0.0,1.0,1.0,0.0,1.0,0.09134397
0.5,1.0,0.0,0.0,0.0,0.0,0.0,1.0,0.0,0.09678934
0.6666667,0.0,0.0,0.0,1.0,1.0,0.0,0.0,1.0,0.27225375
0.33333334,1.0,0.0,0.0,0.0,1.0,0.0,0.0,0.5,0.1938892
0.8333333,0.0,0.0,0.0,0.0,1.0,1.0,1.0,1.0,0.29391694
1.0,1.0,0.0,0.0,0.0,1.0,0.0,1.0,0.0,0.2825641
0.33333334,0.0,0.0,1.0,0.0,1.0,1.0,0.0,0.5,0.15583445
0.6666667,0.0,1.0,0.0,1.0,1.0,0.0,0.0,1.0,0.5427441
0.5,0.0,0.0,0.0,0.0,1.0,1.0,0.0,0.0,0.08898541
0.16666667,0.0,0.0,0.0,1.0,1.0,0.0,0.0,0.5,0.11143602
0.16666667,1.0,0.0,0.0,0.0,0.0,0.0,0.0,0.5,0.07826103
0.5,1.0,0.0,0.0,0.0,1.0,0.0,0.0,1.0,0.29508883
0.5,1.0,0.0,1.0,0.0,0.0,0.0,0.0,1.0,0.23244302
0.6666667,0.0,0.0,0.0,1.0,1.0,0.0,1.0,0.0,0.16821131
0.8333333,0.0,0.0,0.0,1.0,0.0,0.0,0.0,1.0,0.18970445
0.8333333,1.0,0.0,0.0,0.0,1.0,0.0,0.0,1.0,0.38349384
1.0,1.0,0.0,0.0,0.0,0.0,0.0,1.0,0.0,0.16703942
0.33333334,1.0,0.0,0.0,0.0,1.0,0.0,1.0,1.0,0.28162143
0.5,0.0,0.0,0.0,1.0,1.0,0.0,0.0,1.0,0.23712686
0.5,0.0,0.0,0.0,1.0,0.0,0.0,1.0,1.0,0.1586736
0.5,0.0,0.0,1.0,1.0,1.0,0.0,0.0,1.0,0.30445647
0.5,0.0,0.0,1.0,0.0,1.0,1.0,1.0,1.0,0.29098907
0.8333333,1.0,0.0,0.0,0.0,1.0,0.0,0.0,1.0,0.37646994
0.5,0.0,0.0,0.0,0.0,1.0,1.0,0.0,0.0,0.08937358
0.33333334,0.0,0.0,0.0,1.0,0.0,0.0,0.0,1.0,0.105979554
0.8333333,1.0,0.0,1.0,0.0,0.0,0.0,0.0,0.0,0.16547938
0.16666667,1.0,1.0,0.0,0.0,1.0,0.0,1.0,1.0,0.49005008
0.33333334,0.0,1.0,1.0,1.0,0.0,0.0,0.0,0.0,0.18577476
0.6666667,0.0,0.0,0.0,1.0,1.0,0.0,1.0,1.0,0.31323636
0.6666667,1.0,0.0,1.0,0.0,1.0,0.0,0.0,0.0,0.24822092
0.5,0.0,0.0,0.0,0.0,1.0,1.0,0.0,1.0,0.19146042
1.0,0.0,0.0,1.0,0.0,0.0,1.0,0.0,0.0,0.11396092
0.5,0.0,1.0,0.0,1.0,1.0,0.0,0.0,1.0,0.48185432
0.6666667,0.0,0.0,0.0,1.0,1.0,0.0,0.0,1.0,0.27225375
0.5,0.0,1.0,0.0,1.0,1.0,0.0,0.0,1.0,0.47482672
0.6666667,0.0,0.0,1.0,0.0,0.0,1.0,0.0,1.0,0.17389327
0.5,0.0,0.0,0.0,1.0,0.0,0.0,0.0,0.5,0.0953365
0.8333333,0.0,0.0,0.0,1.0,1.0,0.0,0.0,1.0,0.30504057
0.6666667,1.0,1.0,1.0,0.0,1.0,0.0,1.0,1.0,0.89051586
0.5,0.0,0.0,0.0,1.0,0.0,0.0,0.0,0.5,0.09240864
0.16666667,1.0,0.0,0.0,0.0,1.0,0.0,0.0,0.0,0.10147317
0.16666667,1.0,0.0,1.0,0.0,1.0,0.0,0.0,1.0,0.27400973
0.5,1.0,1.0,0.0,0.0,1.0,0.0,0.0,0.0,0.34227833
0.6666667,0.0,0.0,0.0,1.0,1.0,0.0,0.0,1.0,0.27108186
0.16666667,1.0,0.0,1.0,0.0,1.0,0.0,0.0,1.0,0.26756993
0.5,0.0,1.0,0.0,0.0,1.0,1.0,0.0,1.0,0.40808487
0.8333333,1.0,0.0,0.0,0.0,1.0,0.0,0.0,0.5,0.29536608
0.6666667,1.0,0.0,0.0,0.0,1.0,0.0,1.0,1.0,0.38466573
0.8333333,1.0,1.0,0.0,0.0,0.0,0.0,0.0,1.0,0.489466
0.8333333,0.0,0.0,0.0,1.0,1.0,0.0,0.0,1.0,0.30914032
0.6666667,1.0,1.0,0.0,0.0,1.0,0.0,0.0,1.0,0.65222824
1.0,0.0,0.0,0.0,1.0,1.0,0.0,0.0,1.0,0.34485498
0.6666667,0.0,0.0,0.0,1.0,1.0,0.0,0.0,0.5,0.20364504
0.5,0.0,0.0,1.0,1.0,1.0,0.0,0.0,1.0,0.30679655
0.8333333,0.0,0.0,1.0,0.0,1.0,1.0,0.0,0.5,0.25926322
0.6666667,0.0,1.0,1.0,0.0,1.0,1.0,1.0,1.0,0.63700485
0.6666667,1.0,0.0,0.0,0.0,1.0,0.0,1.0,1.0,0.38232195
1.0,0.0,0.0,1.0,1.0,1.0,0.0,1.0,0.5,0.3870871
0.16666667,0.0,0.0,1.0,1.0,1.0,0.0,0.0,1.0,0.22190347
0.33333334,1.0,0.0,0.0,0.0,1.0,0.0,1.0,1.0,0.28279328
1.0,0.0,0.0,0.0,1.0,1.0,0.0,1.0,0.0,0.22519362
0.5,1.0,0.0,0.0,0.0,1.0,0.0,0.0,1.0,0.29508883
0.8333333,1.0,0.0,0.0,0.0,0.0,0.0,0.0,1.0,0.23771095
0.6666667,1.0,1.0,0.0,0.0,0.0,0.0,1.0,1.0,0.49063787
0.8333333,1.0,0.0,0.0,0.0,0.0,0.0,1.0,1.0,0.27108186
0.6666667,1.0,0.0,0.0,0.0,0.0,0.0,0.0,1.0,0.20843607
1.0,1.0,1.0,0.0,0.0,1.0,0.0,0.0,0.0,0.48863423
0.5,0.0,0.0,0.0,1.0,1.0,0.0,0.0,1.0,0.23829874
0.5,1.0,0.0,0.0,0.0,1.0,0.0,0.0,0.5,0.22364835
0.8333333,1.0,0.0,0.0,0.0,1.0,0.0,1.0,0.5,0.34318036
0.5,0.0,0.0,0.0,1.0,0.0,0.0,1.0,1.0,0.15691762
0.5,0.0,1.0,0.0,1.0,1.0,0.0,0.0,0.0,0.28139222
0.16666667,0.0,0.0,0.0,1.0,0.0,0.0,0.0,0.0,0.014051496
1.0,1.0,1.0,1.0,0.0,0.0,0.0,1.0,0.5,0.60712004
0.0,0.0,1.0,0.0,0.0,1.0,1.0,0.0,1.0,0.23653907
0.6666667,1.0,0.0,0.0,0.0,1.0,0.0,0.0,0.5,0.2597512
0.33333334,1.0,0.0,0.0,0.0,1.0,0.0,0.0,0.5,0.1899854
0.5,0.0,1.0,0.0,1.0,1.0,0.0,1.0,0.0,0.32081106
0.8333333,1.0,0.0,0.0,0.0,1.0,0.0,0.0,1.0,0.37881002
0.8333333,0.0,1.0,0.0,1.0,1.0,0.0,0.0,1.0,0.61007375
0.6666667,1.0,1.0,0.0,0.0,0.0,0.0,0.0,1.0,0.43267593
0.6666667,0.0,1.0,1.0,1.0,1.0,0.0,1.0,1.0,0.7576126
0.8333333,0.0,0.0,0.0,1.0,0.0,0.0,0.0,1.0,0.18970445
1.0,0.0,1.0,0.0,1.0,1.0,0.0,0.0,0.0,0.40316075
0.5,1.0,0.0,0.0,0.0,1.0,0.0,0.0,0.0,0.15494353
0.5,1.0,0.0,1.0,0.0,0.0,0.0,1.0,1.0,0.27400973
0.16666667,1.0,0.0,0.0,0.0,0.0,0.0,1.0,1.0,0.13876638
0.5,1.0,0.0,0.0,0.0,0.0,0.0,0.0,0.0,0.07649396
0.33333334,1.0,0.0,1.0,0.0,1.0,0.0,1.0,1.0,0.36066246
0.6666667,0.0,0.0,0.0,0.0,0.0,1.0,0.0,1.0,0.12471489
0.33333334,1.0,0.0,1.0,0.0,0.0,0.0,1.0,1.0,0.234199
0.0,0.0,1.0,1.0,1.0,1.0,0.0,0.0,1.0,0.38115376
0.6666667,0.0,0.0,0.0,1.0,1.0,0.0,1.0,1.0,0.31206816
1.0,1.0,1.0,0.0,0.0,1.0,0.0,0.0,0.0,0.49370623
0.5,1.0,0.0,0.0,0.0,1.0,0.0,0.0,0.0,0.15337978
1.0,1.0,0.0,0.0,0.0,1.0,0.0,0.0,1.0,0.41745254
0.6666667,0.0,0.0,0.0,1.0,1.0,0.0,1.0,1.0,0.31089628
0.8333333,1.0,1.0,0.0,0.0,0.0,0.0,0.0,1.0,0.47951055
0.8333333,1.0,0.0,0.0,0.0,0.0,0.0,0.0,1.0,0.2347831
0.6666667,0.0,1.0,0.0,0.0,1.0,1.0,0.0,1.0,0.46604684
0.8333333,0.0,1.0,0.0,1.0,1.0,0.0,0.0,1.0,0.61007375
0.0,1.0,0.0,0.0,0.0,0.0,0.0,0.0,1.0,0.08724423
0.0,0.0,1.0,1.0,0.0,1.0,1.0,0.0,1.0,0.31382415
0.0,1.0,1.0,0.0,0.0,1.0,0.0,0.0,0.5,0.2758507
0.6666667,0.0,0.0,0.0,1.0,0.0,0.0,0.0,1.0,0.16042957
0.5,0.0,0.0,0.0,1.0,1.0,0.0,0.0,1.0,0.23244302
0.6666667,0.0,0.0,0.0,1.0,1.0,0.0,0.0,0.0,0.14401582
0.33333334,0.0,1.0,0.0,0.0,0.0,1.0,0.0,1.0,0.21429178
0.8333333,1.0,0.0,0.0,0.0,1.0,0.0,0.0,1.0,0.37881002
0.8333333,1.0,0.0,0.0,0.0,1.0,0.0,1.0,1.0,0.42974806
0.6666667,1.0,0.0,0.0,0.0,1.0,0.0,0.0,1.0,0.33841148
0.6666667,1.0,1.0,0.0,0.0,0.0,0.0,0.0,1.0,0.43677196
0.8333333,0.0,0.0,0.0,1.0,1.0,0.0,0.0,0.5,0.23438384
0.6666667,0.0,0.0,0.0,1.0,1.0,0.0,0.0,1.0,0.2681577
0.33333334,0.0,0.0,1.0,1.0,0.0,0.0,0.0,1.0,0.1510619
0.8333333,0.0,0.0,0.0,0.0,1.0,1.0,1.0,1.0,0.29684478
1.0,0.0,1.0,1.0,1.0,1.0,0.0,0.0,1.0,0.82903826
0.6666667,1.0,0.0,0.0,0.0,1.0,0.0,0.0,0.5,0.26267907
0.0,1.0,0.0,0.0,0.0,1.0,0.0,0.0,0.0,0.07064195
0.6666667,0.0,0.0,1.0,0.0,1.0,1.0,0.0,1.0,0.28981718
0.5,1.0,0.0,0.0,0.0,1.0,0.0,0.0,1.0,0.29040498
0.33333334,1.0,0.0,0.0,0.0,0.0,0.0,0.0,1.0,0.14637807
0.33333334,0.0,0.0,0.0,1.0,1.0,0.0,0.0,1.0,0.19438827
0.5,0.0,0.0,0.0,1.0,1.0,0.0,0.0,1.0,0.234199
0.33333334,1.0,0.0,0.0,0.0,1.0,0.0,0.0,1.0,0.25586218
0.5,0.0,0.0,0.0,1.0,1.0,0.0,0.0,0.0,0.1202085
0.5,0.0,0.0,0.0,1.0,1.0,0.0,0.0,1.0,0.23068705
0.5,1.0,0.0,0.0,0.0,1.0,0.0,0.0,1.0,0.29274505
0.6666667,0.0,0.0,0.0,0.0,1.0,1.0,0.0,0.0,0.10888893
0.6666667,1.0,1.0,0.0,0.0,1.0,0.0,1.0,1.0,0.7230698
0.0,1.0,0.0,0.0,0.0,1.0,0.0,0.0,0.0,0.06829818
0.5,1.0,0.0,0.0,0.0,1.0,0.0,0.0,1.0,0.29626068
1.0,0.0,0.0,1.0,0.0,1.0,1.0,1.0,0.5,0.3251289
0.8333333,0.0,1.0,0.0,1.0,1.0,0.0,0.0,0.5,0.4836879
0.33333334,0.0,1.0,0.0,1.0,0.0,0.0,0.0,0.0,0.13854827
0.6666667,0.0,0.0,0.0,1.0,1.0,0.0,0.0,1.0,0.2751816
0.0,1.0,0.0,1.0,0.0,1.0,0.0,1.0,1.0,0.24707861
0.6666667,0.0,0.0,1.0,1.0,1.0,0.0,0.0,0.0,0.19162677
0.16666667,0.0,1.0,0.0,1.0,1.0,0.0,1.0,1.0,0.39813313
0.33333334,0.0,0.0,0.0,0.0,1.0,1.0,0.0,1.0,0.15515794
0.6666667,0.0,1.0,0.0,1.0,1.0,0.0,1.0,1.0,0.6159295
0.8333333,0.0,0.0,0.0,1.0,1.0,0.0,1.0,0.0,0.1943624
0.6666667,1.0,0.0,0.0,0.0,1.0,0.0,0.0,0.0,0.18772666
0.8333333,0.0,0.0,0.0,1.0,0.0,0.0,1.0,0.0,0.10810891
0.5,1.0,0.0,1.0,0.0,1.0,0.0,1.0,0.5,0.3314689
0.5,1.0,0.0,0.0,0.0,1.0,0.0,1.0,0.0,0.18226281
0.6666667,0.0,0.0,0.0,0.0,1.0,1.0,0.0,1.0,0.22131938
0.16666667,0.0,0.0,0.0,1.0,1.0,0.0,0.0,0.0,0.071810134
0.8333333,0.0,0.0,0.0,1.0,0.0,0.0,1.0,0.0,0.106545165
0.6666667,0.0,0.0,0.0,0.0,1.0,1.0,0.0,1.0,0.2271714
0.5,0.0,0.0,0.0,1.0,0.0,0.0,1.0,0.0,0.06556626
0.5,0.0,0.0,1.0,1.0,1.0,0.0,0.0,1.0,0.30914032
0.16666667,0.0,0.0,1.0,1.0,1.0,0.0,0.0,1.0,0.21487957
0.6666667,0.0,0.0,0.0,1.0,0.0,0.0,1.0,0.5,0.14022292
0.8333333,0.0,1.0,0.0,0.0,1.0,1.0,1.0,0.0,0.3426665
0.5,1.0,0.0,0.0,0.0,0.0,0.0,0.0,0.5,0.13095137
0.33333334,0.0,1.0,0.0,1.0,1.0,0.0,0.0,0.0,0.24392524
0.6666667,1.0,0.0,1.0,0.0,1.0,0.0,1.0,0.0,0.28373596
0.5,0.0,0.0,0.0,0.0,1.0,1.0,0.0,1.0,0.19146042
0.8333333,0.0,1.0,0.0,1.0,1.0,0.0,1.0,1.0,0.6809153
0.5,0.0,1.0,0.0,1.0,1.0,0.0,0.0,1.0,0.48009834
0.5,0.0,0.0,0.0,0.0,1.0,1.0,0.0,0.0,0.086641654
0.6666667,1.0,0.0,0.0,0.0,0.0,0.0,0.0,1.0,0.20375223
0.5,0.0,0.0,1.0,1.0,1.0,0.0,1.0,1.0,0.34953883
0.8333333,0.0,0.0,1.0,1.0,1.0,0.0,1.0,1.0,0.44906747
0.6666667,0.0,0.0,1.0,0.0,1.0,1.0,1.0,1.0,0.33372766
1.0,1.0,1.0,0.0,0.0,1.0,0.0,0.0,1.0,0.8044509
0.8333333,1.0,0.0,1.0,0.0,0.0,0.0,0.0,1.0,0.30445647
0.6666667,1.0,0.0,0.0,0.0,1.0,0.0,0.0,1.0,0.33372766
0.6666667,1.0,1.0,1.0,0.0,1.0,0.0,1.0,1.0,0.9033955
0.8333333,1.0,0.0,0.0,0.0,1.0,0.0,1.0,0.5,0.3417164
0.33333334,0.0,0.0,0.0,1.0,1.0,0.0,0.0,1.0,0.19848432
0.6666667,0.0,0.0,0.0,0.0,1.0,1.0,0.0,1.0,0.22131938
0.5,1.0,0.0,0.0,0.0,1.0,0.0,0.0,1.0,0.29508883
0.5,1.0,0.0,0.0,0.0,1.0,0.0,1.0,1.0,0.32845974
1.0,0.0,1.0,0.0,0.0,1.0,1.0,0.0,1.0,0.5644073
0.5,1.0,0.0,0.0,0.0,1.0,0.0,0.0,1.0,0.29508883
0.16666667,1.0,0.0,0.0,0.0,1.0,0.0,0.0,0.0,0.10069315
0.5,1.0,1.0,0.0,0.0,1.0,0.0,0.0,0.0,0.34735033
0.5,1.0,1.0,0.0,0.0,0.0,0.0,1.0,1.0,0.42740428
0.6666667,1.0,1.0,0.0,0.0,1.0,0.0,0.0,1.0,0.660424
0.8333333,0.0,1.0,0.0,0.0,1.0,1.0,1.0,1.0,0.5731872
0.8333333,1.0,0.0,1.0,0.0,1.0,0.0,0.0,1.0,0.47658637
0.8333333,1.0,0.0,1.0,0.0,1.0,0.0,1.0,1.0,0.5386444
0.8333333,1.0,0.0,0.0,0.0,0.0,0.0,0.0,0.0,0.12176854
0.6666667,0.0,0.0,0.0,1.0,1.0,0.0,0.0,0.0,0.14089203
0.5,0.0,0.0,1.0,1.0,1.0,0.0,1.0,0.5,0.26951072
0.8333333,0.0,0.0,1.0,1.0,1.0,0.0,0.0,1.0,0.39754534
0.5,1.0,1.0,1.0,0.0,1.0,0.0,0.0,1.0,0.71370214
0.6666667,1.0,1.0,1.0,0.0,1.0,0.0,0.0,1.0,0.8155746
0.5,1.0,0.0,0.0,0.0,1.0,0.0,1.0,1.0,0.33782738
0.8333333,1.0,1.0,1.0,0.0,1.0,0.0,1.0,0.0,0.6264025
0.6666667,1.0,0.0,0.0,0.0,1.0,0.0,0.0,1.0,0.33489954
0.5,1.0,0.0,1.0,0.0,0.0,0.0,1.0,1.0,0.26522985
0.6666667,1.0,0.0,1.0,0.0,0.0,0.0,0.0,0.0,0.14401582
0.5,0.0,0.0,1.0,1.0,1.0,0.0,0.0,1.0,0.30094454
0.16666667,0.0,0.0,1.0,0.0,1.0,1.0,0.0,1.0,0.17330918
0.6666667,1.0,1.0,0.0,0.0,1.0,0.0,0.0,1.0,0.6580803
0.5,0.0,0.0,0.0,1.0,1.0,0.0,0.0,1.0,0.23946692
0.6666667,1.0,0.0,1.0,0.0,1.0,0.0,0.0,0.0,0.24938911
0.5,0.0,0.0,1.0,1.0,1.0,0.0,0.0,1.0,0.30211273
0.33333334,1.0,0.0,0.0,0.0,1.0,0.0,1.0,1.0,0.29040498
0.33333334,1.0,0.0,0.0,0.0,1.0,0.0,0.0,1.0,0.24532264
0.6666667,0.0,0.0,0.0,1.0,1.0,0.0,0.0,0.0,0.14284395
0.6666667,1.0,1.0,1.0,0.0,1.0,0.0,0.0,1.0,0.8155746
0.6666667,0.0,0.0,0.0,1.0,0.0,0.0,0.0,1.0,0.16394152
0.5,0.0,0.0,0.0,1.0,1.0,0.0,0.0,1.0,0.23068705
0.5,1.0,0.0,0.0,0.0,1.0,0.0,1.0,0.0,0.18655477
0.5,0.0,0.0,0.0,0.0,1.0,1.0,0.0,1.0,0.18970445
0.5,1.0,0.0,0.0,0.0,1.0,0.0,1.0,0.0,0.18655477
0.5,1.0,0.0,0.0,0.0,1.0,0.0,0.0,0.5,0.22462432
0.16666667,0.0,1.0,1.0,1.0,0.0,0.0,0.0,0.0,0.15299162
0.16666667,1.0,0.0,0.0,0.0,1.0,0.0,0.0,1.0,0.2066801
0.6666667,1.0,0.0,0.0,0.0,1.0,0.0,1.0,0.5,0.30366167
1.0,0.0,0.0,0.0,0.0,1.0,1.0,0.0,1.0,0.28981718
0.5,1.0,0.0,0.0,0.0,1.0,0.0,0.0,1.0,0.29508883
0.5,0.0,1.0,0.0,0.0,1.0,1.0,0.0,1.0,0.40105727
0.16666667,0.0,0.0,0.0,0.0,1.0,1.0,0.0,0.5,0.08655663
0.33333334,1.0,0.0,1.0,0.0,1.0,0.0,0.0,1.0,0.32435998
0.6666667,0.0,0.0,1.0,1.0,1.0,0.0,0.0,0.0,0.19475056
0.5,0.0,0.0,0.0,0.0,1.0,1.0,0.0,0.5,0.14314708
0.6666667,1.0,0.0,0.0,0.0,1.0,0.0,1.0,1.0,0.37588215
0.8333333,1.0,0.0,0.0,0.0,1.0,0.0,0.0,1.0,0.38232195
0.8333333,1.0,0.0,1.0,0.0,1.0,0.0,0.0,1.0,0.47658637
0.6666667,0.0,0.0,0.0,1.0,1.0,0.0,1.0,1.0,0.31206816
1.0,0.0,1.0,0.0,0.0,1.0,1.0,0.0,0.5,0.4534408
1.0,1.0,1.0,0.0,0.0,1.0,0.0,0.0,0.5,0.64956653
0.0,0.0,0.0,0.0,0.0,1.0,1.0,0.0,0.5,0.06264949
0.8333333,0.0,0.0,1.0,1.0,1.0,0.0,0.0,0.5,0.3090294
0.6666667,0.0,1.0,0.0,1.0,1.0,0.0,1.0,1.0,0.6124138
0.5,0.0,1.0,0.0,0.0,0.0,1.0,1.0,1.0,0.29801667
0.8333333,1.0,0.0,0.0,0.0,1.0,0.0,1.0,0.5,0.34318036
0.8333333,0.0,1.0,0.0,0.0,0.0,1.0,0.0,0.0,0.18187095
0.6666667,1.0,1.0,1.0,0.0,0.0,0.0,0.0,0.0,0.32744682
0.6666667,0.0,0.0,0.0,0.0,1.0,1.0,0.0,0.0,0.111228995
0.5,1.0,0.0,0.0,0.0,0.0,0.0,1.0,1.0,0.20316815
0.6666667,1.0,0.0,0.0,0.0,1.0,0.0,0.0,1.0,0.33489954
0.8333333,1.0,0.0,1.0,0.0,1.0,0.0,0.0,0.0,0.27983215
0.8333333,1.0,1.0,0.0,0.0,0.0,0.0,0.0,1.0,0.49063787
0.5,0.0,0.0,0.0,1.0,0.0,0.0,0.0,1.0,0.13174248
0.5,1.0,0.0,0.0,0.0,0.0,0.0,0.0,1.0,0.17506516
0.0,0.0,0.0,1.0,1.0,1.0,0.0,1.0,1.0,0.20551191
0.0,0.0,1.0,0.0,0.0,1.0,1.0,0.0,1.0,0.2347831
0.5,0.0,1.0,0.0,1.0,1.0,0.0,0.0,1.0,0.48829412
0.5,0.0,0.0,0.0,1.0,1.0,0.0,1.0,1.0,0.27166966
1.0,1.0,0.0,0.0,0.0,1.0,0.0,0.0,1.0,0.41862443
0.16666667,1.0,1.0,1.0,0.0,1.0,0.0,0.0,0.5,0.42514187
0.16666667,0.0,0.0,0.0,1.0,1.0,0.0,0.0,0.5,0.112899944
0.0,0.0,1.0,1.0,1.0,1.0,0.0,1.0,1.0,0.41803664
0.16666667,1.0,0.0,0.0,0.0,1.0,0.0,0.0,1.0,0.20551191
0.6666667,0.0,0.0,0.0,0.0,1.0,1.0,0.0,0.5,0.16949409
0.33333334,1.0,1.0,0.0,0.0,1.0,0.0,0.0,1.0,0.5023456
0.8333333,1.0,0.0,0.0,0.0,1.0,0.0,1.0,1.0,0.42974806
1.0,0.0,0.0,1.0,0.0,1.0,1.0,1.0,1.0,0.41862443
0.16666667,1.0,1.0,0.0,0.0,1.0,0.0,0.0,1.0,0.43267593
0.8333333,1.0,0.0,0.0,0.0,0.0,0.0,0.0,1.0,0.23771095
0.16666667,1.0,0.0,0.0,0.0,0.0,0.0,0.0,1.0,0.11769099
0.6666667,1.0,1.0,0.0,0.0,1.0,0.0,1.0,1.0,0.7248258
1.0,1.0,1.0,0.0,0.0,1.0,0.0,0.0,0.5,0.63981074
0.33333334,0.0,0.0,0.0,0.0,1.0,1.0,0.0,0.5,0.11631578
0.5,0.0,0.0,0.0,1.0,1.0,0.0,0.0,1.0,0.23946692
0.16666667,0.0,0.0,0.0,1.0,1.0,0.0,0.0,1.0,0.16042957
0.33333334,0.0,1.0,0.0,1.0,0.0,0.0,1.0,1.0,0.3027005
0.6666667,1.0,1.0,0.0,0.0,0.0,0.0,1.0,0.0,0.2915399
0.16666667,0.0,1.0,0.0,1.0,1.0,0.0,0.0,0.0,0.19670247
0.6666667,0.0,1.0,0.0,1.0,0.0,0.0,0.0,0.5,0.27975452
0.0,0.0,0.0,0.0,0.0,1.0,1.0,1.0,1.0,0.114763126
0.33333334,1.0,0.0,0.0,0.0,1.0,0.0,0.0,0.0,0.13191622
0.6666667,0.0,0.0,0.0,1.0,0.0,0.0,0.0,1.0,0.16335742
0.0,0.0,0.0,0.0,0.0,1.0,1.0,0.0,1.0,0.09368403
0.5,1.0,0.0,1.0,0.0,0.0,0.0,0.0,1.0,0.23829874
1.0,1.0,1.0,0.0,0.0,1.0,0.0,0.0,1.0,0.80854696
0.5,1.0,0.0,0.0,0.0,1.0,0.0,0.0,1.0,0.29860076
0.8333333,1.0,0.0,0.0,0.0,0.0,0.0,1.0,1.0,0.27635348
0.8333333,1.0,0.0,0.0,0.0,1.0,0.0,1.0,0.5,0.3378126
0.5,1.0,0.0,0.0,0.0,1.0,0.0,0.0,1.0,0.29742888
0.5,0.0,1.0,1.0,1.0,1.0,0.0,0.0,0.0,0.3606218
1.0,0.0,0.0,0.0,1.0,1.0,0.0,0.0,1.0,0.34485498
1.0,0.0,0.0,0.0,1.0,0.0,0.0,1.0,1.0,0.24883458
0.5,0.0,0.0,0.0,1.0,1.0,0.0,0.0,0.0,0.11708471
1.0,0.0,0.0,1.0,1.0,1.0,0.0,1.0,1.0,0.49766177
0.33333334,1.0,0.0,1.0,0.0,1.0,0.0,0.0,1.0,0.31733608
0.5,1.0,1.0,0.0,0.0,1.0,0.0,0.0,0.5,0.4631966
0.6666667,1.0,0.0,0.0,0.0,0.0,0.0,0.0,0.5,0.15437053
0.16666667,1.0,0.0,0.0,0.0,1.0,0.0,1.0,1.0,0.23537087
0.6666667,1.0,1.0,1.0,0.0,1.0,0.0,0.0,1.0,0.8062069
0.6666667,0.0,0.0,0.0,1.0,1.0,0.0,0.0,0.5,0.20364504
0.16666667,0.0,1.0,0.0,0.0,1.0,1.0,0.0,1.0,0.28981718
0.5,0.0,0.0,0.0,1.0,1.0,0.0,0.0,1.0,0.23946692
0.5,0.0,0.0,1.0,1.0,1.0,0.0,0.0,1.0,0.30562466
0.8333333,1.0,0.0,0.0,0.0,1.0,0.0,0.0,1.0,0.38115376
0.16666667,0.0,0.0,0.0,0.0,0.0,1.0,1.0,0.5,0.04020628
0.8333333,1.0,0.0,0.0,0.0,0.0,0.0,0.0,1.0,0.24005471
0.8333333,1.0,0.0,1.0,0.0,0.0,0.0,0.0,1.0,0.30738434
0.6666667,0.0,0.0,1.0,0.0,1.0,1.0,0.0,0.0,0.1553317
0.33333334,1.0,0.0,1.0,0.0,1.0,0.0,0.0,1.0,0.32319182
0.6666667,0.0,0.0,0.0,1.0,1.0,0.0,0.0,1.0,0.27049777
1.0,1.0,0.0,0.0,0.0,0.0,0.0,0.0,0.0,0.13894013
1.0,1.0,1.0,0.0,0.0,0.0,0.0,1.0,0.5,0.48271197
0.5,1.0,0.0,0.0,0.0,0.0,0.0,1.0,0.0,0.10069315
1.0,1.0,0.0,0.0,0.0,0.0,0.0,0.0,1.0,0.26932588
1.0,0.0,0.0,0.0,1.0,1.0,0.0,0.0,1.0,0.34777915
1.0,0.0,1.0,1.0,1.0,0.0,0.0,1.0,0.0,0.38208535
0.6666667,1.0,1.0,1.0,0.0,0.0,0.0,0.0,1.0,0.54098815
0.8333333,1.0,0.0,1.0,0.0,1.0,0.0,0.0,1.0,0.47775456
0.5,0.0,0.0,0.0,1.0,0.0,0.0,0.0,1.0,0.13174248
0.5,1.0,0.0,0.0,0.0,0.0,0.0,0.0,1.0,0.1791649
0.8333333,0.0,1.0,0.0,1.0,1.0,0.0,0.0,0.5,0.4880797
0.8333333,1.0,0.0,0.0,0.0,1.0,0.0,1.0,0.5,0.33878857
0.6666667,0.0,0.0,0.0,1.0,1.0,0.0,1.0,1.0,0.31323636
0.6666667,1.0,0.0,0.0,0.0,0.0,0.0,0.0,1.0,0.2066801
0.33333334,0.0,0.0,0.0,0.0,1.0,1.0,0.0,1.0,0.15925768
0.5,0.0,1.0,1.0,1.0,1.0,0.0,0.0,1.0,0.6053899
0.33333334,1.0,0.0,0.0,0.0,1.0,0.0,0.0,0.5,0.18608159
0.6666667,0.0,0.0,0.0,1.0,1.0,0.0,0.0,1.0,0.26932588
0.5,0.0,1.0,0.0,1.0,0.0,0.0,1.0,0.5,0.2719506
0.5,0.0,0.0,0.0,1.0,1.0,0.0,0.0,1.0,0.23653907
0.0,0.0,1.0,0.0,1.0,1.0,0.0,0.0,0.0,0.15494353
0.33333334,0.0,0.0,0.0,1.0,0.0,0.0,0.0,1.0,0.10773553
0.16666667,0.0,1.0,0.0,1.0,1.0,0.0,0.0,1.0,0.3512948
1.0,0.0,0.0,1.0,1.0,0.0,0.0,0.0,1.0,0.27986544
1.0,0.0,0.0,1.0,0.0,1.0,1.0,0.0,0.5,0.28902608
0.6666667,0.0,0.0,0.0,1.0,1.0,0.0,0.0,1.0,0.27049777
0.6666667,1.0,0.0,0.0,0.0,1.0,0.0,0.0,0.5,0.2577993
0.8333333,0.0,0.0,0.0,1.0,1.0,0.0,0.0,1.0,0.30738434
0.6666667,1.0,0.0,0.0,0.0,1.0,0.0,0.0,1.0,0.33138758
0.8333333,1.0,1.0,0.0,0.0,1.0,0.0,0.0,0.5,0.58224064
0.33333334,1.0,0.0,0.0,0.0,0.0,0.0,0.0,1.0,0.14754996
0.5,1.0,1.0,0.0,0.0,1.0,0.0,0.0,0.0,0.35398605
0.0,1.0,0.0,0.0,0.0,1.0,0.0,1.0,1.0,0.19438827
0.16666667,0.0,0.0,0.0,1.0,1.0,0.0,0.0,1.0,0.16569749
0.6666667,1.0,0.0,1.0,0.0,1.0,0.0,0.0,1.0,0.43033215
0.6666667,1.0,1.0,0.0,0.0,1.0,0.0,0.0,0.0,0.3937968
0.5,1.0,0.0,0.0,0.0,0.0,0.0,1.0,1.0,0.20434003
0.0,0.0,1.0,1.0,1.0,1.0,0.0,0.0,1.0,0.38115376
0.6666667,1.0,0.0,0.0,0.0,1.0,0.0,0.0,1.0,0.33138758
0.5,1.0,0.0,0.0,0.0,0.0,0.0,0.0,1.0,0.18033677
0.8333333,0.0,0.0,1.0,1.0,1.0,0.0,0.0,1.0,0.39403337
0.0,0.0,0.0,0.0,1.0,1.0,0.0,1.0,1.0,0.1446221
0.8333333,1.0,0.0,0.0,0.0,1.0,0.0,0.0,1.0,0.37646994
0.33333334,0.0,0.0,1.0,1.0,0.0,0.0,0.0,1.0,0.15515794
1.0,1.0,0.0,0.0,0.0,0.0,0.0,1.0,1.0,0.3103085
0.6666667,0.0,0.0,1.0,0.0,0.0,1.0,0.0,1.0,0.17799301
0.0,0.0,0.0,0.0,0.0,0.0,1.0,0.0,1.0,0.036309864
0.5,1.0,0.0,0.0,0.0,0.0,0.0,1.0,1.0,0.20434003
0.0,1.0,1.0,0.0,0.0,0.0,0.0,0.0,1.0,0.22541542
0.5,0.0,0.0,0.0,1.0,1.0,0.0,1.0,1.0,0.27049777
0.33333334,0.0,0.0,0.0,1.0,1.0,0.0,0.0,1.0,0.20258406
0.0,1.0,1.0,0.0,0.0,0.0,0.0,0.0,0.0,0.107717045
0.8333333,0.0,0.0,0.0,1.0,0.0,0.0,0.0,1.0,0.18677658
0.5,1.0,0.0,0.0,0.0,1.0,0.0,0.0,1.0,0.29274505
0.8333333,0.0,1.0,0.0,1.0,1.0,0.0,0.0,0.5,0.48515186
0.6666667,0.0,0.0,1.0,1.0,1.0,0.0,0.0,1.0,0.35012293
0.5,0.0,1.0,0.0,1.0,0.0,0.0,0.0,0.0,0.16625941
0.5,1.0,0.0,0.0,0.0,1.0,0.0,1.0,0.0,0.18382286
0.6666667,0.0,0.0,0.0,0.0,1.0,1.0,0.0,1.0,0.22541542
1.0,1.0,0.0,1.0,0.0,1.0,0.0,1.0,0.0,0.35944992
0.6666667,1.0,0.0,0.0,0.0,1.0,0.0,0.0,1.0,0.33138758
0.8333333,1.0,0.0,1.0,0.0,1.0,0.0,0.0,1.0,0.47248664
0.5,1.0,0.0,0.0,0.0,1.0,0.0,0.0,1.0,0.29860076
0.0,1.0,0.0,0.0,0.0,1.0,0.0,1.0,1.0,0.19438827
0.5,0.0,1.0,0.0,1.0,1.0,0.0,0.0,1.0,0.47482672
0.8333333,1.0,0.0,0.0,0.0,1.0,0.0,0.0,0.5,0.29634202
1.0,0.0,0.0,0.0,1.0,1.0,0.0,1.0,1.0,0.38700578
0.16666667,1.0,0.0,1.0,0.0,1.0,0.0,0.0,1.0,0.27810946
0.5,1.0,1.0,0.0,0.0,1.0,0.0,0.0,1.0,0.5714312
1.0,1.0,0.0,0.0,0.0,1.0,0.0,0.0,1.0,0.42096448
0.6666667,0.0,0.0,1.0,1.0,0.0,0.0,0.0,1.0,0.21429178
1.0,0.0,1.0,0.0,1.0,1.0,0.0,0.0,1.0,0.6627641
0.5,1.0,0.0,0.0,0.0,0.0,0.0,0.0,1.0,0.18033677
0.16666667,1.0,1.0,1.0,0.0,1.0,0.0,1.0,0.5,0.4856398
0.0,0.0,0.0,0.0,1.0,1.0,0.0,0.0,1.0,0.12647086
0.6666667,1.0,0.0,0.0,0.0,0.0,0.0,0.0,1.0,0.20492412
0.6666667,0.0,0.0,0.0,1.0,1.0,0.0,0.0,1.0,0.27342564
0.6666667,1.0,0.0,0.0,0.0,1.0,0.0,0.0,1.0,0.33255947
0.6666667,0.0,1.0,1.0,0.0,1.0,1.0,0.0,1.0,0.5685034
0.8333333,0.0,0.0,0.0,1.0,0.0,0.0,1.0,1.0,0.2201475
0.16666667,1.0,0.0,1.0,0.0,1.0,0.0,1.0,1.0,0.31323636
0.6666667,0.0,1.0,0.0,0.0,1.0,1.0,0.0,0.5,0.3704996
0.8333333,0.0,1.0,1.0,1.0,1.0,0.0,0.0,1.0,0.7576126
0.16666667,0.0,1.0,0.0,1.0,1.0,0.0,1.0,1.0,0.40164506
0.0,1.0,1.0,0.0,0.0,1.0,0.0,1.0,0.5,0.3148814
0.8333333,1.0,0.0,0.0,0.0,0.0,0.0,0.0,1.0,0.2418107
0.8333333,1.0,0.0,0.0,0.0,1.0,0.0,1.0,1.0,0.42623243
0.33333334,0.0,0.0,0.0,0.0,1.0,1.0,1.0,1.0,0.18794477
0.6666667,1.0,1.0,0.0,0.0,1.0,0.0,0.0,0.0,0.39106485
0.6666667,0.0,0.0,0.0,1.0,1.0,0.0,0.0,0.0,0.14206392
0.6666667,0.0,1.0,0.0,0.0,1.0,1.0,0.0,0.0,0.27007633
0.6666667,0.0,0.0,0.0,1.0,0.0,0.0,0.0,0.0,0.069861926
0.8333333,1.0,0.0,0.0,0.0,1.0,0.0,1.0,1.0,0.43091625
0.8333333,0.0,0.0,0.0,1.0,1.0,0.0,0.0,1.0,0.30914032
0.8333333,0.0,0.0,1.0,1.0,1.0,0.0,0.0,1.0,0.39052144
0.8333333,0.0,0.0,0.0,0.0,0.0,1.0,0.0,1.0,0.15047412
0.5,1.0,0.0,0.0,0.0,1.0,0.0,0.0,0.5,0.22755218
0.6666667,0.0,0.0,1.0,1.0,1.0,0.0,0.0,0.5,0.27048668
0.5,1.0,0.0,0.0,0.0,1.0,0.0,0.0,1.0,0.2892331
0.16666667,0.0,0.0,0.0,0.0,1.0,1.0,1.0,0.5,0.10655626
0.33333334,1.0,1.0,0.0,0.0,0.0,0.0,0.0,1.0,0.32963163
0.6666667,1.0,0.0,0.0,0.0,1.0,0.0,0.0,0.0,0.18850668
0.5,1.0,0.0,0.0,0.0,1.0,0.0,0.0,0.0,0.15884365
0.8333333,1.0,0.0,0.0,0.0,1.0,0.0,0.0,1.0,0.37763813
0.33333334,0.0,1.0,1.0,1.0,1.0,0.0,0.0,1.0,0.52810484
0.0,0.0,1.0,1.0,1.0,0.0,0.0,0.0,0.5,0.17290993
0.5,1.0,0.0,0.0,0.0,0.0,0.0,0.0,0.5,0.13095137
0.5,1.0,0.0,1.0,0.0,0.0,0.0,0.0,1.0,0.23829874
0.5,0.0,0.0,0.0,1.0,0.0,0.0,0.0,0.0,0.05229848
0.33333334,0.0,1.0,1.0,0.0,0.0,1.0,0.0,1.0,0.28396517
0.6666667,1.0,0.0,0.0,0.0,1.0,0.0,0.0,0.5,0.26463097
0.6666667,0.0,0.0,0.0,1.0,1.0,0.0,1.0,0.0,0.16743128
0.5,0.0,0.0,0.0,1.0,1.0,0.0,0.0,0.5,0.17778969
0.16666667,0.0,1.0,1.0,1.0,1.0,0.0,1.0,0.0,0.2966156
0.8333333,0.0,0.0,0.0,1.0,1.0,0.0,0.0,1.0,0.31323636
0.6666667,0.0,0.0,0.0,0.0,1.0,1.0,1.0,0.5,0.19876528
0.16666667,0.0,0.0,0.0,1.0,0.0,0.0,0.0,1.0,0.0825604
0.6666667,1.0,0.0,0.0,0.0,1.0,0.0,0.0,1.0,0.33607143
1.0,1.0,0.0,1.0,0.0,1.0,0.0,0.0,0.0,0.3126153
0.8333333,1.0,1.0,1.0,0.0,1.0,0.0,0.0,1.0,0.88700026
0.5,0.0,1.0,0.0,1.0,0.0,0.0,0.0,1.0,0.31323636
0.5,0.0,0.0,1.0,1.0,1.0,0.0,1.0,1.0,0.35187888
0.6666667,1.0,0.0,0.0,0.0,0.0,0.0,0.0,0.5,0.1548585
1.0,1.0,1.0,0.0,0.0,0.0,0.0,0.0,0.0,0.3196429
0.0,0.0,1.0,0.0,1.0,1.0,0.0,1.0,1.0,0.34017116
0.0,1.0,1.0,0.0,0.0,1.0,0.0,1.0,1.0,0.41394058
0.0,1.0,0.0,1.0,0.0,0.0,0.0,0.0,1.0,0.12178703
0.16666667,0.0,0.0,1.0,1.0,1.0,0.0,0.0,1.0,0.21604776
0.6666667,0.0,0.0,0.0,0.0,0.0,1.0,0.0,1.0,0.12764274
0.0,1.0,0.0,0.0,0.0,0.0,0.0,0.0,0.5,0.05142604
0.8333333,0.0,0.0,0.0,0.0,1.0,1.0,0.0,0.5,0.19047338
0.0,1.0,0.0,0.0,0.0,1.0,0.0,1.0,0.5,0.14071089
1.0,0.0,0.0,1.0,1.0,1.0,0.0,0.0,0.0,0.25290474
0.5,1.0,1.0,1.0,0.0,1.0,0.0,1.0,1.0,0.8044509
1.0,0.0,1.0,0.0,1.0,1.0,0.0,1.0,0.5,0.6056561
0.8333333,1.0,0.0,0.0,0.0,1.0,0.0,0.0,1.0,0.37763813
0.8333333,0.0,1.0,0.0,0.0,1.0,1.0,0.0,1.0,0.5134693
0.0,0.0,0.0,0.0,1.0,1.0,0.0,1.0,0.0,0.061274283
0.33333334,1.0,0.0,0.0,0.0,1.0,0.0,1.0,1.0,0.28279328
0.6666667,0.0,1.0,0.0,1.0,1.0,0.0,0.0,0.0,0.32081106
0.5,0.0,0.0,0.0,1.0,1.0,0.0,0.0,1.0,0.23537087
0.16666667,0.0,0.0,0.0,1.0,1.0,0.0,0.0,0.0,0.071810134
0.16666667,0.0,1.0,1.0,0.0,0.0,1.0,0.0,0.0,0.119036615
0.6666667,0.0,0.0,0.0,1.0,1.0,0.0,0.0,1.0,0.27342564
0.6666667,0.0,1.0,0.0,1.0,1.0,0.0,0.0,0.0,0.32315484
0.33333334,0.0,1.0,0.0,1.0,1.0,0.0,0.0,0.0,0.23846139
0.5,0.0,1.0,0.0,1.0,1.0,0.0,1.0,0.5,0.42709377
0.8333333,0.0,0.0,1.0,0.0,1.0,1.0,0.0,0.0,0.17875086
0.5,0.0,0.0,0.0,1.0,1.0,0.0,0.0,1.0,0.23127115
0.6666667,1.0,0.0,0.0,0.0,1.0,0.0,0.0,0.5,0.2577993
0.8333333,0.0,0.0,0.0,0.0,1.0,1.0,0.0,0.0,0.13191622
0.6666667,1.0,0.0,1.0,0.0,0.0,0.0,0.0,0.5,0.20657289
0.33333334,1.0,0.0,0.0,0.0,1.0,0.0,0.0,1.0,0.25000647
0.5,0.0,0.0,0.0,0.0,1.0,1.0,0.0,0.0,0.08859356
0.16666667,1.0,0.0,0.0,0.0,1.0,0.0,0.0,1.0,0.20434003
0.5,0.0,1.0,0.0,1.0,0.0,0.0,0.0,1.0,0.31558013
0.33333334,1.0,0.0,0.0,0.0,1.0,0.0,0.0,1.0,0.2546903
0.16666667,0.0,0.0,0.0,0.0,0.0,1.0,0.0,1.0,0.059141237
0.5,0.0,1.0,0.0,0.0,0.0,1.0,0.0,1.0,0.25937414
0.0,1.0,0.0,0.0,0.0,0.0,0.0,0.0,0.0,0.018731631
0.5,0.0,0.0,0.0,1.0,1.0,0.0,0.0,0.0,0.11825659
0.6666667,0.0,0.0,0.0,1.0,1.0,0.0,1.0,1.0,0.31558013
0.6666667,0.0,1.0,1.0,0.0,1.0,1.0,0.0,1.0,0.573775
0.6666667,1.0,1.0,0.0,0.0,0.0,0.0,0.0,1.0,0.4344319
0.0,0.0,0.0,1.0,1.0,1.0,0.0,0.0,1.0,0.16686937
0.5,1.0,0.0,0.0,0.0,1.0,0.0,1.0,0.5,0.2558474
0.5,0.0,0.0,0.0,1.0,0.0,0.0,1.0,0.5,0.112899944
0.0,0.0,1.0,0.0,0.0,0.0,1.0,1.0,0.0,0.071810134
0.8333333,1.0,1.0,0.0,0.0,1.0,0.0,0.0,1.0,0.7336094
0.8333333,0.0,0.0,0.0,0.0,1.0,1.0,0.0,1.0,0.25234655
0.0,1.0,1.0,0.0,0.0,1.0,0.0,0.0,1.0,0.35597864
0.16666667,0.0,0.0,0.0,1.0,1.0,0.0,0.0,1.0,0.16452561
0.8333333,1.0,0.0,0.0,0.0,1.0,0.0,0.0,1.0,0.37529805
0.8333333,1.0,1.0,1.0,0.0,1.0,0.0,1.0,0.5,0.81398124
0.6666667,0.0,0.0,0.0,0.0,1.0,1.0,1.0,0.5,0.19486515
0.6666667,0.0,1.0,0.0,0.0,1.0,1.0,1.0,1.0,0.51171327
0.5,0.0,0.0,0.0,1.0,1.0,0.0,0.0,0.0,0.1202085
0.8333333,1.0,0.0,0.0,0.0,1.0,0.0,1.0,1.0,0.42974806
0.33333334,0.0,0.0,0.0,1.0,1.0,0.0,0.0,0.0,0.09288553
1.0,0.0,0.0,0.0,0.0,1.0,1.0,0.0,0.0,0.15415981
0.6666667,0.0,0.0,0.0,0.0,1.0,1.0,1.0,0.5,0.19632909
0.16666667,0.0,0.0,0.0,1.0,1.0,0.0,0.0,0.0,0.069861926
0.16666667,0.0,0.0,0.0,0.0,1.0,1.0,0.0,1.0,0.12764274
0.8333333,1.0,0.0,0.0,0.0,1.0,0.0,0.0,0.0,0.21231401
0.5,0.0,0.0,0.0,0.0,1.0,1.0,0.0,0.5,0.14022292
0.8333333,0.0,0.0,0.0,0.0,1.0,1.0,0.0,0.5,0.19096135
1.0,0.0,0.0,0.0,0.0,1.0,1.0,0.0,1.0,0.28981718
0.16666667,0.0,1.0,0.0,1.0,1.0,0.0,0.0,0.5,0.2719506
1.0,1.0,0.0,0.0,0.0,0.0,0.0,0.0,1.0,0.2681577
0.5,0.0,1.0,0.0,0.0,1.0,1.0,0.0,0.0,0.23650949
0.6666667,0.0,0.0,0.0,0.0,1.0,1.0,0.0,0.0,0.11162086
0.5,1.0,0.0,0.0,0.0,1.0,0.0,0.0,0.0,0.15494353
0.8333333,1.0,1.0,0.0,0.0,0.0,0.0,0.0,0.5,0.3812351
0.8333333,1.0,0.0,0.0,0.0,1.0,0.0,0.0,1.0,0.37646994
0.6666667,1.0,0.0,0.0,0.0,1.0,0.0,1.0,0.5,0.30024585
0.6666667,1.0,0.0,0.0,0.0,1.0,0.0,0.0,1.0,0.33724332
1.0,1.0,0.0,0.0,0.0,1.0,0.0,0.0,1.0,0.42096448
0.5,0.0,1.0,0.0,1.0,1.0,0.0,0.0,1.0,0.4830262
0.5,1.0,0.0,0.0,0.0,0.0,0.0,0.0,0.0,0.07766585
0.6666667,1.0,0.0,0.0,0.0,1.0,0.0,1.0,1.0,0.38349384
0.33333334,0.0,0.0,0.0,1.0,1.0,0.0,1.0,1.0,0.23244302
0.33333334,0.0,1.0,0.0,1.0,1.0,0.0,1.0,1.0,0.47775456
0.5,0.0,1.0,0.0,0.0,1.0,1.0,0.0,1.0,0.40398514
0.6666667,0.0,0.0,1.0,0.0,1.0,1.0,0.0,1.0,0.29391694
0.6666667,0.0,1.0,0.0,1.0,0.0,0.0,1.0,1.0,0.39871722
0.8333333,1.0,0.0,0.0,0.0,1.0,0.0,0.0,1.0,0.38466573
0.6666667,0.0,0.0,0.0,0.0,1.0,1.0,0.0,0.5,0.16851814
1.0,0.0,0.0,0.0,1.0,1.0,0.0,0.0,1.0,0.34192714
0.5,1.0,0.0,0.0,0.0,1.0,0.0,0.0,0.0,0.15337978
0.33333334,0.0,1.0,1.0,1.0,1.0,0.0,0.0,0.5,0.41050628
0.33333334,0.0,0.0,0.0,0.0,1.0,1.0,0.0,1.0,0.16276963
0.6666667,1.0,0.0,1.0,0.0,1.0,0.0,0.0,1.0,0.42213637
0.6666667,1.0,0.0,1.0,0.0,1.0,0.0,0.0,0.0,0.24275707
0.6666667,0.0,0.0,0.0,1.0,1.0,0.0,0.0,1.0,0.27108186
0.8333333,1.0,0.0,0.0,0.0,1.0,0.0,0.0,1.0,0.38349384
0.16666667,1.0,0.0,0.0,0.0,1.0,0.0,1.0,1.0,0.24415076
0.0,0.0,0.0,0.0,1.0,0.0,0.0,0.0,0.5,0.0294745
0.5,0.0,0.0,1.0,0.0,0.0,1.0,1.0,1.0,0.17330918
0.6666667,1.0,0.0,0.0,0.0,1.0,0.0,0.0,1.0,0.33841148
0.16666667,0.0,0.0,0.0,1.0,1.0,0.0,1.0,1.0,0.18384872
0.8333333,1.0,1.0,0.0,0.0,1.0,0.0,0.0,0.0,0.44101956
0.5,1.0,0.0,1.0,0.0,0.0,0.0,1.0,1.0,0.26932588
0.33333334,0.0,0.0,0.0,1.0,1.0,0.0,0.0,1.0,0.19731243
0.33333334,1.0,1.0,0.0,0.0,1.0,0.0,1.0,1.0,0.57669914
0.6666667,0.0,1.0,0.0,1.0,1.0,0.0,0.0,1.0,0.54742795
0.8333333,1.0,0.0,0.0,0.0,1.0,0.0,0.0,1.0,0.38115376
0.6666667,0.0,0.0,1.0,1.0,1.0,0.0,0.0,1.0,0.3442672
0.6666667,0.0,0.0,0.0,1.0,1.0,0.0,1.0,1.0,0.3103085
0.8333333,0.0,0.0,1.0,1.0,1.0,0.0,0.0,0.0,0.22011793
0.6666667,0.0,0.0,1.0,1.0,1.0,0.0,0.0,0.5,0.2763387
0.6666667,1.0,0.0,0.0,0.0,1.0,0.0,0.0,1.0,0.34192714
0.5,0.0,0.0,0.0,1.0,1.0,0.0,0.0,1.0,0.234199
1.0,0.0,0.0,0.0,0.0,0.0,1.0,0.0,1.0,0.16979723
0.6666667,0.0,0.0,0.0,1.0,1.0,0.0,0.0,1.0,0.2751816
0.0,0.0,1.0,0.0,1.0,0.0,0.0,1.0,1.0,0.20316815
0.8333333,0.0,1.0,0.0,1.0,1.0,0.0,0.0,1.0,0.61007375
0.5,1.0,1.0,0.0,0.0,0.0,0.0,1.0,0.0,0.24626902
0.33333334,1.0,0.0,0.0,0.0,1.0,0.0,1.0,0.5,0.21633242
