item_id,current_on_hand,safety_stock,reorder_point,last_updated
81,46082,1000,1046,03/01/2026 00:00:00
183,870,1000,1001,03/01/2026 00:00:00
186,629,1000,1001,03/01/2026 00:00:00
306,728,1000,1001,03/01/2026 00:00:00
337,11,1000,1000,03/01/2026 00:00:00
349,0,1000,1000,03/01/2026 00:00:00
350,4851,1000,1005,03/01/2026 00:00:00
352,4173,1000,1004,03/01/2026 00:00:00
354,1347,1000,1001,03/01/2026 00:00:00
355,415,1000,1000,03/01/2026 00:00:00
357,1230,1000,1001,03/01/2026 00:00:00
358,113,1000,1000,03/01/2026 00:00:00
361,1829,1000,1002,03/01/2026 00:00:00
363,0,1000,1000,03/01/2026 00:00:00
364,442,1000,1000,03/01/2026 00:00:00
366,430,1000,1000,03/01/2026 00:00:00
367,287,1000,1000,03/01/2026 00:00:00
369,0,1000,1000,03/01/2026 00:00:00
371,274,1000,1000,03/01/2026 00:00:00
372,0,500,500,03/01/2026 00:00:00
373,6191,1000,1006,03/01/2026 00:00:00
389,1116,1000,1001,03/01/2026 00:00:00
392,182,1000,1000,03/01/2026 00:00:00
393,0,1000,1000,03/01/2026 00:00:00
396,0,1000,1000,03/01/2026 00:00:00
400,364,250,251,03/01/2026 00:00:00
401,1425,1000,1001,03/01/2026 00:00:00
505,13582,250,304,03/01/2026 00:00:00
606,402,1000,1000,03/01/2026 00:00:00
618,0,1000,1000,03/01/2026 00:00:00
627,168,1000,1000,03/01/2026 00:00:00
671,127,1000,1000,03/01/2026 00:00:00
673,20,1000,1000,03/01/2026 00:00:00
678,3,250,250,03/01/2026 00:00:00
689,6084,1000,1006,03/01/2026 00:00:00
699,0,1000,1000,03/01/2026 00:00:00
704,0,500,500,03/01/2026 00:00:00
713,8,1000,1000,03/01/2026 00:00:00
715,0,500,500,03/01/2026 00:00:00
765,6,1000,1000,03/01/2026 00:00:00
1114,2,1000,1000,03/01/2026 00:00:00
1142,993,1000,1001,03/01/2026 00:00:00
1147,72,1000,1000,03/01/2026 00:00:00
1159,3725,500,507,03/01/2026 00:00:00
1325,0,250,250,03/01/2026 00:00:00
1985,51,1000,1000,03/01/2026 00:00:00
2010,0,1000,1000,03/01/2026 00:00:00
2080,36,250,250,03/01/2026 00:00:00
2194,0,500,500,03/01/2026 00:00:00
2195,4062,250,266,03/01/2026 00:00:00
2290,7,1000,1000,03/01/2026 00:00:00
2291,0,1000,1000,03/01/2026 00:00:00
2292,24,1000,1000,03/01/2026 00:00:00
2355,0,500,500,03/01/2026 00:00:00
2383,0,500,500,03/01/2026 00:00:00
2390,14,500,500,03/01/2026 00:00:00
2392,35,1000,1000,03/01/2026 00:00:00
2393,0,500,500,03/01/2026 00:00:00
2631,1628,1000,1002,03/01/2026 00:00:00
2632,1949,1000,1002,03/01/2026 00:00:00
2685,130,250,251,03/01/2026 00:00:00
2693,29,1000,1000,03/01/2026 00:00:00
2696,20,1000,1000,03/01/2026 00:00:00
2704,51,1000,1000,03/01/2026 00:00:00
2726,7,1000,1000,03/01/2026 00:00:00
2728,39,1000,1000,03/01/2026 00:00:00
2732,444,1000,1000,03/01/2026 00:00:00
2734,81,1000,1000,03/01/2026 00:00:00
2745,0,250,250,03/01/2026 00:00:00
2756,15,1000,1000,03/01/2026 00:00:00
2766,11,1000,1000,03/01/2026 00:00:00
2767,7,1000,1000,03/01/2026 00:00:00
2795,2,1000,1000,03/01/2026 00:00:00
2807,10,1000,1000,03/01/2026 00:00:00
2808,0,1000,1000,03/01/2026 00:00:00
2815,31,1000,1000,03/01/2026 00:00:00
2826,8,1000,1000,03/01/2026 00:00:00
2848,9,1000,1000,03/01/2026 00:00:00
2927,56,1000,1000,03/01/2026 00:00:00
2928,22,1000,1000,03/01/2026 00:00:00
2937,0,1000,1000,03/01/2026 00:00:00
2938,53,1000,1000,03/01/2026 00:00:00
2939,38,1000,1000,03/01/2026 00:00:00
2941,0,250,250,03/01/2026 00:00:00
2942,23,1000,1000,03/01/2026 00:00:00
2944,0,1000,1000,03/01/2026 00:00:00
2945,58,1000,1000,03/01/2026 00:00:00
2954,23,1000,1000,03/01/2026 00:00:00
2965,5,1000,1000,03/01/2026 00:00:00
2972,16,1000,1000,03/01/2026 00:00:00
2983,0,250,250,03/01/2026 00:00:00
2985,164,1000,1000,03/01/2026 00:00:00
2414,15858,500,532,03/01/2026 00:00:00
2998,93,1000,1000,03/01/2026 00:00:00
3011,1448,1000,1001,03/01/2026 00:00:00
3014,9,1000,1000,03/01/2026 00:00:00
3039,0,1000,1000,03/01/2026 00:00:00
3041,47,1000,1000,03/01/2026 00:00:00
3045,0,1000,1000,03/01/2026 00:00:00
3072,559,1000,1001,03/01/2026 00:00:00
3073,180,1000,1000,03/01/2026 00:00:00
3074,208,1000,1000,03/01/2026 00:00:00
3088,45,1000,1000,03/01/2026 00:00:00
3094,162,1000,1000,03/01/2026 00:00:00
3108,1958,1000,1002,03/01/2026 00:00:00
3112,0,1000,1000,03/01/2026 00:00:00
3154,0,250,250,03/01/2026 00:00:00
3186,7,1000,1000,03/01/2026 00:00:00
3247,0,250,250,03/01/2026 00:00:00
3248,2,1000,1000,03/01/2026 00:00:00
3249,6,1000,1000,03/01/2026 00:00:00
3331,218,1000,1000,03/01/2026 00:00:00
3336,14,1000,1000,03/01/2026 00:00:00
3337,1,1000,1000,03/01/2026 00:00:00
3338,0,1000,1000,03/01/2026 00:00:00
3339,19,1000,1000,03/01/2026 00:00:00
3432,71,250,250,03/01/2026 00:00:00
3434,0,250,250,03/01/2026 00:00:00
3441,3434,1000,1003,03/01/2026 00:00:00
3510,0,1000,1000,03/01/2026 00:00:00
3517,10,250,250,03/01/2026 00:00:00
5127,0,1000,1000,03/01/2026 00:00:00
5309,433,1000,1000,03/01/2026 00:00:00
5310,42,1000,1000,03/01/2026 00:00:00
5311,2690,1000,1003,03/01/2026 00:00:00
5312,494,1000,1000,03/01/2026 00:00:00
5313,403,250,252,03/01/2026 00:00:00
5314,4,1000,1000,03/01/2026 00:00:00
5317,7,1000,1000,03/01/2026 00:00:00
5319,0,250,250,03/01/2026 00:00:00
5322,0,500,500,03/01/2026 00:00:00
5323,0,500,500,03/01/2026 00:00:00
5329,0,1000,1000,03/01/2026 00:00:00
5330,222,500,500,03/01/2026 00:00:00
5534,0,250,250,03/01/2026 00:00:00
5535,328,500,501,03/01/2026 00:00:00
5536,5,1000,1000,03/01/2026 00:00:00
5539,0,1000,1000,03/01/2026 00:00:00
5540,45,250,250,03/01/2026 00:00:00
5544,432,500,501,03/01/2026 00:00:00
5545,55,500,500,03/01/2026 00:00:00
5548,328,250,251,03/01/2026 00:00:00
5549,86,500,500,03/01/2026 00:00:00
5552,1008,1000,1001,03/01/2026 00:00:00
5553,474,250,252,03/01/2026 00:00:00
5556,272,1000,1000,03/01/2026 00:00:00
5557,207,500,500,03/01/2026 00:00:00
5560,654,1000,1001,03/01/2026 00:00:00
5561,287,500,501,03/01/2026 00:00:00
5565,719,1000,1001,03/01/2026 00:00:00
5566,348,250,251,03/01/2026 00:00:00
5567,5189,1000,1005,03/01/2026 00:00:00
5568,4254,1000,1004,03/01/2026 00:00:00
5569,1853,1000,1002,03/01/2026 00:00:00
5570,1790,1000,1002,03/01/2026 00:00:00
5572,0,250,250,03/01/2026 00:00:00
5582,0,500,500,03/01/2026 00:00:00
5597,5,1000,1000,03/01/2026 00:00:00
5601,20,1000,1000,03/01/2026 00:00:00
5602,0,500,500,03/01/2026 00:00:00
5607,12498,1000,1012,03/01/2026 00:00:00
5608,778,1000,1001,03/01/2026 00:00:00
5609,694,1000,1001,03/01/2026 00:00:00
5610,162,1000,1000,03/01/2026 00:00:00
5611,1644,1000,1002,03/01/2026 00:00:00
5612,2698,1000,1003,03/01/2026 00:00:00
5613,520,1000,1001,03/01/2026 00:00:00
5614,1110,500,502,03/01/2026 00:00:00
5615,640,250,253,03/01/2026 00:00:00
5616,161,500,500,03/01/2026 00:00:00
5617,749,1000,1001,03/01/2026 00:00:00
5618,1691,1000,1002,03/01/2026 00:00:00
5621,285,1000,1000,03/01/2026 00:00:00
5622,0,250,250,03/01/2026 00:00:00
5625,189,500,500,03/01/2026 00:00:00
5626,91,500,500,03/01/2026 00:00:00
5627,1,500,500,03/01/2026 00:00:00
5629,72,1000,1000,03/01/2026 00:00:00
5630,65,500,500,03/01/2026 00:00:00
5631,2,500,500,03/01/2026 00:00:00
5632,34,500,500,03/01/2026 00:00:00
5633,155,1000,1000,03/01/2026 00:00:00
5640,461,1000,1000,03/01/2026 00:00:00
5641,1273,1000,1001,03/01/2026 00:00:00
5642,8,250,250,03/01/2026 00:00:00
5645,571,250,252,03/01/2026 00:00:00
5646,61,1000,1000,03/01/2026 00:00:00
5648,2,1000,1000,03/01/2026 00:00:00
5653,0,500,500,03/01/2026 00:00:00
5654,0,500,500,03/01/2026 00:00:00
5656,0,1000,1000,03/01/2026 00:00:00
5658,0,500,500,03/01/2026 00:00:00
5663,0,250,250,03/01/2026 00:00:00
5963,19,250,250,03/01/2026 00:00:00
5964,108,500,500,03/01/2026 00:00:00
5965,47,500,500,03/01/2026 00:00:00
5967,0,500,500,03/01/2026 00:00:00
5968,0,500,500,03/01/2026 00:00:00
5969,0,500,500,03/01/2026 00:00:00
5971,0,500,500,03/01/2026 00:00:00
5982,200,500,500,03/01/2026 00:00:00
5989,0,250,250,03/01/2026 00:00:00
5993,2742,1000,1003,03/01/2026 00:00:00
5994,3128,250,263,03/01/2026 00:00:00
6005,1203,1000,1001,03/01/2026 00:00:00
6016,0,250,250,03/01/2026 00:00:00
6018,0,500,500,03/01/2026 00:00:00
6022,1921,1000,1002,03/01/2026 00:00:00
6023,500,1000,1001,03/01/2026 00:00:00
6024,475,1000,1000,03/01/2026 00:00:00
6026,136,1000,1000,03/01/2026 00:00:00
6027,711,250,253,03/01/2026 00:00:00
6048,18,500,500,03/01/2026 00:00:00
6057,40,1000,1000,03/01/2026 00:00:00
6059,0,250,250,03/01/2026 00:00:00
6060,54,1000,1000,03/01/2026 00:00:00
6062,626,1000,1001,03/01/2026 00:00:00
6063,0,500,500,03/01/2026 00:00:00
6081,0,500,500,03/01/2026 00:00:00
6082,327,1000,1000,03/01/2026 00:00:00
6084,0,500,500,03/01/2026 00:00:00
6087,11,1000,1000,03/01/2026 00:00:00
6088,49,1000,1000,03/01/2026 00:00:00
6089,0,1000,1000,03/01/2026 00:00:00
6090,2,1000,1000,03/01/2026 00:00:00
6091,7,1000,1000,03/01/2026 00:00:00
6092,7,1000,1000,03/01/2026 00:00:00
6106,0,500,500,03/01/2026 00:00:00
6113,25,250,250,03/01/2026 00:00:00
6115,169,1000,1000,03/01/2026 00:00:00
6117,968,1000,1001,03/01/2026 00:00:00
6118,78,1000,1000,03/01/2026 00:00:00
6120,6,1000,1000,03/01/2026 00:00:00
6121,0,1000,1000,03/01/2026 00:00:00
6123,38,250,250,03/01/2026 00:00:00
6128,203,250,251,03/01/2026 00:00:00
6133,1935,1000,1002,03/01/2026 00:00:00
6134,41,1000,1000,03/01/2026 00:00:00
6142,1,500,500,03/01/2026 00:00:00
6152,123,250,250,03/01/2026 00:00:00
6156,0,1000,1000,03/01/2026 00:00:00
6163,3,1000,1000,03/01/2026 00:00:00
6167,0,1000,1000,03/01/2026 00:00:00
6170,0,250,250,03/01/2026 00:00:00
6173,0,500,500,03/01/2026 00:00:00
6175,711,1000,1001,03/01/2026 00:00:00
6205,0,500,500,03/01/2026 00:00:00
6206,0,500,500,03/01/2026 00:00:00
6210,61,250,250,03/01/2026 00:00:00
6214,375,1000,1000,03/01/2026 00:00:00
6215,0,1000,1000,03/01/2026 00:00:00
6217,2627,1000,1003,03/01/2026 00:00:00
6228,0,1000,1000,03/01/2026 00:00:00
6231,1,1000,1000,03/01/2026 00:00:00
6234,900,1000,1001,03/01/2026 00:00:00
6235,1870,1000,1002,03/01/2026 00:00:00
6358,4932,1000,1005,03/01/2026 00:00:00
6382,247,250,251,03/01/2026 00:00:00
6385,0,500,500,03/01/2026 00:00:00
6410,182,250,251,03/01/2026 00:00:00
6650,1,250,250,03/01/2026 00:00:00
6651,0,500,500,03/01/2026 00:00:00
6667,397,1000,1000,03/01/2026 00:00:00
6677,384,1000,1000,03/01/2026 00:00:00
6678,0,1000,1000,03/01/2026 00:00:00
6698,0,1000,1000,03/01/2026 00:00:00
6699,0,1000,1000,03/01/2026 00:00:00
6701,20,1000,1000,03/01/2026 00:00:00
6702,42,250,250,03/01/2026 00:00:00
6710,0,1000,1000,03/01/2026 00:00:00
6712,0,1000,1000,03/01/2026 00:00:00
6713,0,1000,1000,03/01/2026 00:00:00
6715,0,1000,1000,03/01/2026 00:00:00
6721,1,1000,1000,03/01/2026 00:00:00
6722,1,1000,1000,03/01/2026 00:00:00
6723,1,1000,1000,03/01/2026 00:00:00
6725,4681,1000,1005,03/01/2026 00:00:00
6726,3488,1000,1003,03/01/2026 00:00:00
6730,1590,1000,1002,03/01/2026 00:00:00
6731,13543,1000,1014,03/01/2026 00:00:00
6732,5617,1000,1006,03/01/2026 00:00:00
6733,0,500,500,03/01/2026 00:00:00
6741,850,1000,1001,03/01/2026 00:00:00
6754,300,1000,1000,03/01/2026 00:00:00
6759,966,500,502,03/01/2026 00:00:00
6767,85,1000,1000,03/01/2026 00:00:00
6773,1575,1000,1002,03/01/2026 00:00:00
6774,1309,1000,1001,03/01/2026 00:00:00
6776,320,500,501,03/01/2026 00:00:00
6778,937,1000,1001,03/01/2026 00:00:00
6781,415,1000,1000,03/01/2026 00:00:00
6782,966,1000,1001,03/01/2026 00:00:00
6784,97,250,250,03/01/2026 00:00:00
7001,0,1000,1000,03/01/2026 00:00:00
7102,281,500,501,03/01/2026 00:00:00
7103,0,1000,1000,03/01/2026 00:00:00
7352,21,500,500,03/01/2026 00:00:00
7681,574,1000,1001,03/01/2026 00:00:00
7698,56,1000,1000,03/01/2026 00:00:00
7703,947,1000,1001,03/01/2026 00:00:00
7710,1188,250,255,03/01/2026 00:00:00
7711,450,1000,1000,03/01/2026 00:00:00
7716,2497,1000,1002,03/01/2026 00:00:00
7726,0,1000,1000,03/01/2026 00:00:00
7728,0,1000,1000,03/01/2026 00:00:00
7731,552,500,501,03/01/2026 00:00:00
7740,425,1000,1000,03/01/2026 00:00:00
7745,0,1000,1000,03/01/2026 00:00:00
7746,0,500,500,03/01/2026 00:00:00
7751,0,1000,1000,03/01/2026 00:00:00
7755,0,1000,1000,03/01/2026 00:00:00
7756,0,1000,1000,03/01/2026 00:00:00
7757,1,1000,1000,03/01/2026 00:00:00
7758,2,1000,1000,03/01/2026 00:00:00
7759,0,1000,1000,03/01/2026 00:00:00
7760,1,1000,1000,03/01/2026 00:00:00
7761,0,1000,1000,03/01/2026 00:00:00
7762,0,1000,1000,03/01/2026 00:00:00
7763,0,1000,1000,03/01/2026 00:00:00
7764,80,1000,1000,03/01/2026 00:00:00
7765,1,1000,1000,03/01/2026 00:00:00
7766,24,1000,1000,03/01/2026 00:00:00
7767,1,1000,1000,03/01/2026 00:00:00
7769,1,1000,1000,03/01/2026 00:00:00
7770,0,1000,1000,03/01/2026 00:00:00
7771,0,1000,1000,03/01/2026 00:00:00
7772,1,1000,1000,03/01/2026 00:00:00
7777,0,1000,1000,03/01/2026 00:00:00
7778,0,1000,1000,03/01/2026 00:00:00
7779,0,1000,1000,03/01/2026 00:00:00
7780,0,1000,1000,03/01/2026 00:00:00
7781,0,1000,1000,03/01/2026 00:00:00
7782,0,1000,1000,03/01/2026 00:00:00
7783,0,1000,1000,03/01/2026 00:00:00
7784,0,1000,1000,03/01/2026 00:00:00
7785,0,1000,1000,03/01/2026 00:00:00
7786,0,1000,1000,03/01/2026 00:00:00
7795,0,1000,1000,03/01/2026 00:00:00
7802,0,1000,1000,03/01/2026 00:00:00
7803,0,1000,1000,03/01/2026 00:00:00
7804,0,1000,1000,03/01/2026 00:00:00
7805,0,1000,1000,03/01/2026 00:00:00
7806,0,1000,1000,03/01/2026 00:00:00
7807,0,1000,1000,03/01/2026 00:00:00
7808,0,1000,1000,03/01/2026 00:00:00
7809,0,1000,1000,03/01/2026 00:00:00
7810,0,1000,1000,03/01/2026 00:00:00
7811,0,1000,1000,03/01/2026 00:00:00
7812,0,1000,1000,03/01/2026 00:00:00
7815,0,1000,1000,03/01/2026 00:00:00
7816,0,1000,1000,03/01/2026 00:00:00
7818,0,1000,1000,03/01/2026 00:00:00
7819,0,1000,1000,03/01/2026 00:00:00
7820,0,1000,1000,03/01/2026 00:00:00
7821,0,1000,1000,03/01/2026 00:00:00
7822,0,1000,1000,03/01/2026 00:00:00
7898,-2412,1000,998,03/01/2026 00:00:00
7899,-1098,1000,999,03/01/2026 00:00:00
7900,-2340,1000,998,03/01/2026 00:00:00
7901,-2880,1000,997,03/01/2026 00:00:00
7902,-1278,1000,999,03/01/2026 00:00:00
7903,-2046,1000,998,03/01/2026 00:00:00
7904,-1404,1000,999,03/01/2026 00:00:00
7905,-3150,1000,997,03/01/2026 00:00:00
7906,0,500,500,03/01/2026 00:00:00
7911,0,1000,1000,03/01/2026 00:00:00
7912,0,1000,1000,03/01/2026 00:00:00
7913,0,1000,1000,03/01/2026 00:00:00
7920,0,1000,1000,03/01/2026 00:00:00
7921,6,1000,1000,03/01/2026 00:00:00
7922,1,1000,1000,03/01/2026 00:00:00
7923,0,1000,1000,03/01/2026 00:00:00
7924,0,1000,1000,03/01/2026 00:00:00
7925,0,1000,1000,03/01/2026 00:00:00
7928,75,500,500,03/01/2026 00:00:00
7929,18,1000,1000,03/01/2026 00:00:00
7930,149,250,251,03/01/2026 00:00:00
7936,-1500,1000,999,03/01/2026 00:00:00
7937,0,500,500,03/01/2026 00:00:00
#N/A,0,500,500,03/01/2026 00:00:00
7942,0,500,500,03/01/2026 00:00:00
7943,1185,1000,1001,03/01/2026 00:00:00
7944,0,500,500,03/01/2026 00:00:00
7946,0,500,500,03/01/2026 00:00:00
7947,0,500,500,03/01/2026 00:00:00
7952,0,500,500,03/01/2026 00:00:00
7953,0,500,500,03/01/2026 00:00:00
7954,0,1000,1000,03/01/2026 00:00:00
7955,0,500,500,03/01/2026 00:00:00
7957,0,1000,1000,03/01/2026 00:00:00
7958,0,1000,1000,03/01/2026 00:00:00
7959,0,500,500,03/01/2026 00:00:00
7960,0,500,500,03/01/2026 00:00:00
7961,0,1000,1000,03/01/2026 00:00:00
7962,0,1000,1000,03/01/2026 00:00:00
7963,0,500,500,03/01/2026 00:00:00
7964,0,1000,1000,03/01/2026 00:00:00
7966,0,500,500,03/01/2026 00:00:00
7967,0,1000,1000,03/01/2026 00:00:00
7968,0,500,500,03/01/2026 00:00:00
7969,0,1000,1000,03/01/2026 00:00:00
7970,0,1000,1000,03/01/2026 00:00:00
7971,0,500,500,03/01/2026 00:00:00
7972,0,500,500,03/01/2026 00:00:00
7973,0,500,500,03/01/2026 00:00:00
7974,240,1000,1000,03/01/2026 00:00:00
7975,0,1000,1000,03/01/2026 00:00:00
7976,47,500,500,03/01/2026 00:00:00
7977,10,250,250,03/01/2026 00:00:00
7979,20,500,500,03/01/2026 00:00:00
7980,0,500,500,03/01/2026 00:00:00
7981,0,500,500,03/01/2026 00:00:00
7982,5132,250,271,03/01/2026 00:00:00
7983,1281,1000,1001,03/01/2026 00:00:00
7984,1618,1000,1002,03/01/2026 00:00:00
7985,3138,1000,1003,03/01/2026 00:00:00
7986,1317,500,503,03/01/2026 00:00:00
7987,1164,1000,1001,03/01/2026 00:00:00
7988,2445,1000,1002,03/01/2026 00:00:00
7989,1312,1000,1001,03/01/2026 00:00:00
7990,42,500,500,03/01/2026 00:00:00
7991,0,1000,1000,03/01/2026 00:00:00
7992,0,1000,1000,03/01/2026 00:00:00
7994,0,500,500,03/01/2026 00:00:00
7997,0,500,500,03/01/2026 00:00:00
7998,0,500,500,03/01/2026 00:00:00
7999,1503,500,503,03/01/2026 00:00:00
8000,1100,500,502,03/01/2026 00:00:00
8001,1059,500,502,03/01/2026 00:00:00
8002,1534,500,503,03/01/2026 00:00:00
8003,869,500,502,03/01/2026 00:00:00
8004,1084,500,502,03/01/2026 00:00:00
8005,1076,500,502,03/01/2026 00:00:00
8006,1050,500,502,03/01/2026 00:00:00
8007,1033,500,502,03/01/2026 00:00:00
8008,466,1000,1000,03/01/2026 00:00:00
8009,1172,500,502,03/01/2026 00:00:00
8010,1138,500,502,03/01/2026 00:00:00
8011,865,500,502,03/01/2026 00:00:00
8012,751,250,253,03/01/2026 00:00:00
8013,461,1000,1000,03/01/2026 00:00:00
8014,1109,500,502,03/01/2026 00:00:00
8015,1572,500,503,03/01/2026 00:00:00
8016,1037,500,502,03/01/2026 00:00:00
8017,584,250,252,03/01/2026 00:00:00
8018,1118,500,502,03/01/2026 00:00:00
8019,1128,500,502,03/01/2026 00:00:00
8020,1408,500,503,03/01/2026 00:00:00
8021,1170,500,502,03/01/2026 00:00:00
8022,1131,500,502,03/01/2026 00:00:00
8023,1328,500,503,03/01/2026 00:00:00
8024,1180,500,502,03/01/2026 00:00:00
8025,1110,500,502,03/01/2026 00:00:00
8026,1148,500,502,03/01/2026 00:00:00
8027,1088,500,502,03/01/2026 00:00:00
8028,1132,500,502,03/01/2026 00:00:00
8029,971,500,502,03/01/2026 00:00:00
8030,966,500,502,03/01/2026 00:00:00
8099,0,1000,1000,03/01/2026 00:00:00
8100,0,1000,1000,03/01/2026 00:00:00
8101,0,500,500,03/01/2026 00:00:00
8103,0,500,500,03/01/2026 00:00:00
8105,0,500,500,03/01/2026 00:00:00
8107,258,500,501,03/01/2026 00:00:00
8108,0,1000,1000,03/01/2026 00:00:00
8109,0,1000,1000,03/01/2026 00:00:00
8110,0,1000,1000,03/01/2026 00:00:00
8111,0,1000,1000,03/01/2026 00:00:00
8112,0,1000,1000,03/01/2026 00:00:00
8113,0,1000,1000,03/01/2026 00:00:00
8114,0,1000,1000,03/01/2026 00:00:00
8115,0,1000,1000,03/01/2026 00:00:00
8116,0,1000,1000,03/01/2026 00:00:00
8117,0,1000,1000,03/01/2026 00:00:00
8118,0,1000,1000,03/01/2026 00:00:00
8119,0,1000,1000,03/01/2026 00:00:00
8120,0,1000,1000,03/01/2026 00:00:00
8121,0,1000,1000,03/01/2026 00:00:00
8122,0,1000,1000,03/01/2026 00:00:00
8123,0,1000,1000,03/01/2026 00:00:00
8124,0,1000,1000,03/01/2026 00:00:00
8125,0,1000,1000,03/01/2026 00:00:00
8126,0,1000,1000,03/01/2026 00:00:00
8127,0,1000,1000,03/01/2026 00:00:00
8128,0,1000,1000,03/01/2026 00:00:00
8129,0,1000,1000,03/01/2026 00:00:00
8130,0,1000,1000,03/01/2026 00:00:00
8131,0,1000,1000,03/01/2026 00:00:00
8132,-600,1000,999,03/01/2026 00:00:00
8133,-1212,1000,999,03/01/2026 00:00:00
8134,-180,1000,1000,03/01/2026 00:00:00
8135,-1860,1000,998,03/01/2026 00:00:00
8136,840,1000,1001,03/01/2026 00:00:00
8138,0,500,500,03/01/2026 00:00:00
8139,0,500,500,03/01/2026 00:00:00
8140,0,500,500,03/01/2026 00:00:00
8141,0,500,500,03/01/2026 00:00:00
8142,0,500,500,03/01/2026 00:00:00
8143,0,500,500,03/01/2026 00:00:00
8144,0,500,500,03/01/2026 00:00:00
8145,0,500,500,03/01/2026 00:00:00
8146,0,500,500,03/01/2026 00:00:00
8147,0,500,500,03/01/2026 00:00:00
8148,0,500,500,03/01/2026 00:00:00
8149,0,500,500,03/01/2026 00:00:00
8151,0,500,500,03/01/2026 00:00:00
8152,0,500,500,03/01/2026 00:00:00
8153,0,1000,1000,03/01/2026 00:00:00
8154,0,1000,1000,03/01/2026 00:00:00
8155,0,1000,1000,03/01/2026 00:00:00
8156,0,500,500,03/01/2026 00:00:00
8157,1118,1000,1001,03/01/2026 00:00:00
8158,1092,1000,1001,03/01/2026 00:00:00
8159,8,1000,1000,03/01/2026 00:00:00
8160,2,1000,1000,03/01/2026 00:00:00
8161,1,1000,1000,03/01/2026 00:00:00
8162,200,1000,1000,03/01/2026 00:00:00
8164,0,500,500,03/01/2026 00:00:00
8165,0,500,500,03/01/2026 00:00:00
8166,0,500,500,03/01/2026 00:00:00
8167,0,500,500,03/01/2026 00:00:00
8168,0,500,500,03/01/2026 00:00:00
8169,0,500,500,03/01/2026 00:00:00
8170,0,500,500,03/01/2026 00:00:00
8171,0,500,500,03/01/2026 00:00:00
8172,0,500,500,03/01/2026 00:00:00
8173,0,500,500,03/01/2026 00:00:00
8174,0,500,500,03/01/2026 00:00:00
8175,300,500,501,03/01/2026 00:00:00
8176,0,500,500,03/01/2026 00:00:00
8177,1008,500,502,03/01/2026 00:00:00
8178,1008,500,502,03/01/2026 00:00:00
8179,300,500,501,03/01/2026 00:00:00
8183,0,500,500,03/01/2026 00:00:00
8191,0,1000,1000,03/01/2026 00:00:00
8192,0,500,500,03/01/2026 00:00:00
8193,0,500,500,03/01/2026 00:00:00
8194,3278,500,507,03/01/2026 00:00:00
8199,0,500,500,03/01/2026 00:00:00
8200,0,500,500,03/01/2026 00:00:00
8201,0,500,500,03/01/2026 00:00:00
8202,0,500,500,03/01/2026 00:00:00
8205,0,500,500,03/01/2026 00:00:00
8207,0,500,500,03/01/2026 00:00:00
8208,0,500,500,03/01/2026 00:00:00
8209,0,500,500,03/01/2026 00:00:00
8210,0,500,500,03/01/2026 00:00:00
8211,0,500,500,03/01/2026 00:00:00
8212,0,500,500,03/01/2026 00:00:00
8213,4175,500,508,03/01/2026 00:00:00
8214,0,500,500,03/01/2026 00:00:00
8215,0,500,500,03/01/2026 00:00:00
8216,0,500,500,03/01/2026 00:00:00
8232,24263,1000,1024,03/01/2026 00:00:00
8233,17292,1000,1017,03/01/2026 00:00:00
8234,12736,1000,1013,03/01/2026 00:00:00
8254,8,1000,1000,03/01/2026 00:00:00
8260,0,1000,1000,03/01/2026 00:00:00
8261,0,1000,1000,03/01/2026 00:00:00
8262,0,500,500,03/01/2026 00:00:00
8263,0,1000,1000,03/01/2026 00:00:00
8264,0,1000,1000,03/01/2026 00:00:00
8265,0,1000,1000,03/01/2026 00:00:00
8266,0,1000,1000,03/01/2026 00:00:00
8267,0,1000,1000,03/01/2026 00:00:00
8268,300,1000,1000,03/01/2026 00:00:00
8269,300,1000,1000,03/01/2026 00:00:00
8270,300,1000,1000,03/01/2026 00:00:00
8271,0,1000,1000,03/01/2026 00:00:00
8283,200,250,251,03/01/2026 00:00:00
