item_id,item_name,category,criticality_level,holding_cost,stockout_penalty,moq,supplier_id
81,415-16S,Reel Mower,high,1.5,20,500,1039
183,1304-14,Reel Mower,high,1.5,25,500,1039
186,1815-18,Reel Mower,high,1.5,22,500,1039
306,GS70015,Chipper Shredder,high,1.75,8,500,4231
337,SN70016,Snow Thrower,high,1.62,8,500,1977
349,204-14,Reel Mower,high,1.5,8,500,1039
350,1204-14,Reel Mower,high,1.5,8,500,1039
352,304-14S,Reel Mower,high,1.5,8,500,1039
354,815-18,Reel Mower,high,1.5,8,500,1039
355,815-18S,Reel Mower,high,1.5,10,500,1039
357,415-16,Reel Mower,high,1.5,15,500,1039
358,1415-16,Reel Mower,high,1.5,30,500,1039
361,2000-20S,Reel Mower,high,1.5,0,500,1039
363,1304-14LV,Reel Mower,high,1.5,0,500,1039
364,1314-14EW,Reel Mower,high,1.5,0,500,1039
366,1816-16EW,Reel Mower,high,1.5,0,500,1039
367,1816-18EW,Reel Mower,high,1.5,0,500,1039
369,2000-20LV,Reel Mower,high,1.5,0,500,1039
371,2001-20EW,Reel Mower,high,1.5,0,500,1039
372,2002-20EW,Reel Mower,low,1.5,0,500,1039
373,2010-20SG,Reel Mower,high,1.5,0,500,1039
389,CVPS43010,Pole Saw,high,1.12,0,500,44830
392,SN74016,Snow Thrower,high,1.62,0,500,1977
393,SN74018,Snow Thrower,high,1.62,0,500,1977
396,TC70016,Tiller/Cultivator,high,1.75,0,500,4279
400,415-16SK,Reel Mower,med,1.5,0,500,1039
401,1715-16EW,Reel Mower,high,1.5,0,500,1039
505,SK-1,Sharpening Kit,med,0.02,0,500,2061
606,BL84040,Battery,high,0.25,0,500,2053
618,CHL80040,Battery Charger,high,0.15,0,500,2053
627,ED7-12,Part,high,0.02,0,1000,1913
671,RLSS10163-1,Kit,high,0.5,0,1000,2061
673,RLSS10163-2,Kit,high,0.5,0,1000,2061
678,RP17205,Part,med,0.02,0,1000,1913
689,RS90109,String Trimmer Spool,high,0.05,0,500,2065
699,RTC00020,Part,high,0.02,0,1000,1913
704,RTC70040-1,Part,low,0.02,0,1000,1913
713,RTC70040-3,Part,high,0.02,0,1000,1913
715,RTC70040-31A,Part,low,0.02,0,1000,1913
765,R8102-629901,Part,high,0.02,0,1000,1913
1114,SN71018,Snow Thrower,high,1.62,0,500,1977
1142,CVP41810,Pole Saw/Hedge Trimmer,high,0.75,0,500,44830
1147,R8020-740206,Part,high,0.02,0,1000,1913
1159,31035,Sharpening Compound,low,0.5,0,500,3514
1325,CHL90040,Battery Charger,med,0.15,0,500,2053
1985,HD-PD,Misc.,high,0.02,0,500,3514
2010,1815-18LV,Reel Mower,high,1.5,0,500,1039
2080,RTC00043,Part,med,0.02,0,1000,1913
2194,1819-18EW,Reel Mower,low,1.5,0,500,1039
2195,TC70025,Tiller/Cultivator,med,1.75,0,500,4279
2290,SN18-SBK-1,Kit,high,0.5,0,1000,2061
2291,SN18-AK-1,Kit,high,0.5,0,1000,2061
2292,SN4018-BELT,Kit,high,0.5,0,1000,2061
2355,SK-NC,Part,low,0.02,0,1000,1913
2383,RTC70010-16-2,Part,low,0.02,0,1000,1913
2390,RTC700SET,Part,low,0.02,0,1000,1913
2392,RTC70016SET,Kit,high,0.5,0,1000,2061
2393,RTC70025-1,Part,low,0.02,0,1000,1913
2631,LSW70021,Lawn Sweeper,high,1.5,0,500,1039
2632,LSW70026S,Lawn Sweeper,high,1.5,0,500,1039
2685,LS21-HK-2,Kit,med,0.5,0,1000,2061
2693,LS21-HBK-2,Kit,high,0.5,0,1000,2061
2696,LS26-BK-1,Kit,high,0.5,0,1000,2061
2704,RM16-HK-1,Kit,high,0.5,0,1000,2061
2726,RM-WK8.5-1,Kit,high,0.5,0,1000,2061
2728,RM-WK10A-1,Kit,high,0.5,0,1000,2061
2732,RM-GPK-1,Kit,high,0.5,0,1000,2061
2734,RM-APK-1,Kit,high,0.5,0,1000,2061
2745,BVM22-VTK-1,Kit,med,0.5,0,1000,2061
2756,CVPH43-PCK,Kit,high,0.5,0,1000,2061
2766,CS33/120-SCK,Kit,high,0.5,0,1000,2061
2767,CS33/120-CWK,Kit,high,0.5,0,1000,2061
2795,RTC70040-U,Kit,high,0.5,0,1000,2061
2807,RTC01/85-HDW,Kit,high,0.5,0,1000,2061
2808,RTC10/16-HDW,Kit,high,0.5,0,1000,2061
2815,CVPS41-OTC,Kit,high,0.5,0,1000,2061
2826,CVPS43-SCK,Kit,high,0.5,0,1000,2061
2848,SN1416-AHK-1,Kit,high,0.5,0,1000,2061
2927,RM14-HK-1,Kit,high,0.5,0,1000,2061
2928,RM18-HK-1,Kit,high,0.5,0,1000,2061
2937,RM20-HK-1,Kit,high,0.5,0,1000,2061
2938,RM-THR-1,Kit,high,0.5,0,1000,2061
2939,RM-UHP-1,Kit,high,0.5,0,1000,2061
2941,RM-WK10-1,Kit,med,0.5,0,1000,2061
2942,RM-TWK-1,Kit,high,0.5,0,1000,2061
2944,RM16-RAK-1,Kit,high,0.5,0,1000,2061
2945,RM18-RAK-1,Kit,high,0.5,0,1000,2061
2954,PS43-CASK,Kit,high,0.5,0,1000,2061
2965,LS-SLK-1,Kit,high,0.5,0,1000,2061
2972,BVM22-CBK-1,Kit,high,0.5,0,1000,2061
2983,RB85821,Mower Blade,med,0.5,0,500,3029
2985,SN1416-BELT,Part,high,0.02,0,1000,1913
2414,SAMPLE,Misc.,low,0.02,0,500,3514
2998,ST9-SC,Kit,high,0.5,0,1000,2061
3011,LPHT12022,Hedge Trimmer,high,1.12,0,500,1972
3014,RM-HA,Kit,high,0.5,0,1000,2061
3039,BL82040,Battery,high,0.25,0,500,2053
3041,CHL84000,Battery Charger,high,0.15,0,500,2053
3045,BL85040,Battery,high,0.25,0,500,2053
3072,LSS10272PS,Shrub Sheer,high,0.25,0,500,44831
3073,PR17215S,Pruner,high,0.25,0,500,44831
3074,PR17216PS,Hedge Trimmer,high,1.12,0,500,1972
3088,50514,Mower,high,1.5,0,500,44801
3094,PS44008,Pole Saw,high,1.12,0,500,44830
3108,PS45010S,Pole Saw,high,1.12,0,500,44830
3112,CVPS43010MW,Pole Saw,high,1.12,0,500,44830
3154,ED-HHK,Kit,med,0.5,0,1000,2061
3186,RTC105S-TK,Kit,high,0.5,0,1000,2061
3247,PS0810-PAK-1,Kit,med,0.5,0,1000,2061
3248,PS0810-RHK-1,Kit,high,0.5,0,1000,2061
3249,PS0810-SCA-1,Kit,high,0.5,0,1000,2061
3331,BL14-CBK-1,Kit,high,0.5,0,1000,2061
3336,LSS-GSA,Kit,high,0.5,0,1000,2061
3337,LSS-HTA,Kit,high,0.5,0,1000,2061
3338,LSS-PAK,Kit,high,0.5,0,1000,2061
3339,CHL90072,Battery Charger,high,0.15,0,500,2053
3432,CVPS43-THK-1,Kit,med,0.5,0,1000,2061
3434,RTC70020/25-TK-1,Kit,med,0.5,0,1000,2061
3441,CHL82000,Battery Charger,high,0.15,0,500,2053
3510,LS21/26-HK,Kit,high,0.5,0,1000,2061
3517,TCT-70016-1,Part,med,0.02,0,1000,1913
5127,SN74022,Snow Thrower,high,1.62,0,500,1977
5309,100,hand tool,high,0.25,0,500,44837
5310,101,hand tool,high,0.25,0,500,44837
5311,102,hand tool,high,0.25,0,500,44837
5312,103,hand tool,high,0.25,0,500,44837
5313,106,hand tool,med,0.25,0,500,44837
5314,200,hand tool,high,0.25,0,500,44837
5317,203,Shovel,high,0.75,0,500,2059
5319,205,Shovel,med,0.75,0,500,2059
5322,208,Shovel,low,0.75,0,500,2059
5323,212,Shovel,low,0.75,0,500,2059
5329,10011,hand tool,high,0.25,0,500,44837
5330,10023,hand tool,low,0.25,0,500,44837
5534,10111,hand tool,med,0.25,0,500,44837
5535,10123,hand tool,low,0.25,0,500,44837
5536,10201,hand tool,high,0.25,0,500,44837
5539,10211,hand tool,high,0.25,0,500,44837
5540,10223,hand tool,med,0.25,0,500,44837
5544,10311,hand tool,low,0.25,0,500,44837
5545,10323,hand tool,low,0.25,0,500,44837
5548,10611,hand tool,med,0.25,0,500,44837
5549,10623,hand tool,low,0.25,0,500,44837
5552,15011,hand tool,high,0.25,0,500,44837
5553,15020,hand tool,med,0.25,0,500,44837
5556,15211,hand tool,high,0.25,0,500,44837
5557,15220,hand tool,low,0.25,0,500,44837
5560,15311,hand tool,high,0.25,0,500,44837
5561,15320,hand tool,low,0.25,0,500,44837
5565,15611,hand tool,high,0.25,0,500,44837
5566,15620,hand tool,med,0.25,0,500,44837
5567,16011,hand tool,high,0.25,0,500,44837
5568,16211,hand tool,high,0.25,0,500,44837
5569,17011,hand tool,high,0.25,0,500,44837
5570,17211,hand tool,high,0.25,0,500,44837
5572,20002,Shovel,med,0.75,0,500,2059
5582,20223,Shovel,low,0.75,0,500,2059
5597,20611,Shovel,high,0.75,0,500,2059
5601,20811,Shovel,high,0.75,0,500,2059
5602,20823,Shovel,low,0.75,0,500,2059
5607,22011,Shovel,high,0.75,0,500,2059
5608,22211,Shovel,high,0.75,0,500,2059
5609,22311,Shovel,high,0.75,0,500,2059
5610,22411,Shovel,high,0.75,0,500,2059
5611,22511,Shovel,high,0.75,0,500,2059
5612,22611,Shovel,high,0.75,0,500,2059
5613,22711,Shovel,high,0.75,0,500,2059
5614,22811,Shovel,low,0.75,0,500,2059
5615,22911,Shovel,med,0.75,0,500,2059
5616,23011,Shovel,low,0.75,0,500,2059
5617,23211,Shovel,high,0.75,0,500,2059
5618,23311,Shovel,high,0.75,0,500,2059
5621,25011,Shovel,high,0.75,0,500,2059
5622,25023,Shovel,med,0.75,0,500,2059
5625,25111,Shovel,low,0.75,0,500,2059
5626,25123,Shovel,low,0.75,0,500,2059
5627,25201,Shovel,low,0.75,0,500,2059
5629,25211,Shovel,high,0.75,0,500,2059
5630,25223,Shovel,low,0.75,0,500,2059
5631,25301,Shovel,low,0.75,0,500,2059
5632,25302,Shovel,low,0.75,0,500,2059
5633,25311,Shovel,high,0.75,0,500,2059
5640,25602,Shovel,high,0.75,0,500,2059
5641,25611,Shovel,high,0.75,0,500,2059
5642,25623,Shovel,med,0.75,0,500,2059
5645,25811,Shovel,med,0.75,0,500,2059
5646,25823,Shovel,high,0.75,0,500,2059
5648,27202,Shovel,high,0.75,0,500,2059
5653,30411,hand tool,low,0.25,0,500,44837
5654,30501,hand tool,low,0.25,0,500,44837
5656,30511,hand tool,high,0.25,0,500,44837
5658,31002,hand tool,low,0.25,0,500,44837
5663,36011,hand tool,med,0.25,0,500,44837
5963,75005,Shovel,med,0.75,0,500,2059
5964,75003,Shovel,low,0.75,0,500,2059
5965,75004,Shovel,low,0.75,0,500,2059
5967,R3PF,Shovel,low,0.75,0,500,2059
5968,R4PF,Shovel,low,0.75,0,500,2059
5969,R6PF,Shovel,low,0.75,0,500,2059
5971,101-08,Reel Mower,low,1.5,0,500,1039
5982,750032P,Shovel,low,0.75,0,500,2059
5989,RTC70125-TK,Kit,med,0.5,0,1000,2061
5993,GC91416,Grass Catcher,high,1.5,0,500,1039
5994,GC91820,Grass Catcher,med,1.5,0,500,1039
6005,716-18S,Reel Mower,high,1.5,0,500,1039
6016,PS45010,Pole Saw,med,1.12,0,500,44830
6018,70076-H1,Shovel,low,0.75,0,500,2059
6022,RA-001,Boxed Shovel,high,0.75,0,500,2031
6023,RA-002,Boxed Shovel,high,0.75,0,500,2031
6024,RA-003,Boxed Shovel,high,0.75,0,500,2031
6026,OS-002,Shovel,high,0.75,0,500,2059
6027,RK-001,Rake,med,0.75,0,500,2031
6048,23301,Shovel,low,0.75,0,500,2059
6057,LST20-AHK-2,Kit,high,0.5,0,1000,2061
6059,LST20-PGK-2,Kit,med,0.5,0,1000,2061
6060,LST20-SRK-1,Kit,high,0.5,0,1000,2061
6062,23511,Shovel,high,0.75,0,500,2059
6063,70078-H1,Shovel,low,0.75,0,500,2059
6081,R2PF,Shovel,low,0.75,0,500,2059
6082,SN-HK-1,Part,high,0.02,0,1000,1913
6084,615-16S,Reel Mower,low,1.5,0,500,1039
6087,DT-LHK-1,Kit,high,0.5,0,1000,2061
6088,DT-HK-1,Kit,high,0.5,0,1000,2061
6089,DT-GC-1,Kit,high,0.5,0,1000,2061
6090,DT-UHK-1,Kit,high,0.5,0,1000,2061
6091,RM8-HK-1,Kit,high,0.5,0,1000,2061
6092,RM8-UHP-1,Kit,high,0.5,0,1000,2061
6106,Radius Header,Shovel,low,0.75,0,500,2059
6113,RB80514,Mower Blade,med,0.5,0,500,3029
6115,RA-004,Boxed Shovel,high,0.75,0,500,2031
6117,23711,Shovel,high,0.75,0,500,2059
6118,23811,Shovel,high,0.75,0,500,2059
6120,90411,Shovel,high,0.75,0,500,2059
6121,RS95915,Kit,high,0.5,0,1000,2061
6123,SN71012,Snow Thrower,med,1.62,0,500,1977
6128,23411,Shovel,med,0.75,0,500,2059
6133,50002,Boxed Shovel,high,0.75,0,500,2031
6134,SN70112,Snow Thrower,high,1.62,0,500,1977
6142,70024,Shovel,low,0.75,0,500,2059
6152,TC70025S,Tiller/Cultivator,med,1.75,0,500,4279
6156,1415-16CR,Reel Mower,high,1.5,0,500,1039
6163,LSTM2012-4,String Trimmer,high,1.12,0,500,44836
6167,23111,Shovel,high,0.75,0,500,2059
6170,90211,Boxed Shovel,med,0.75,0,500,2031
6173,LB24020S,Blower,low,1.12,0,500,2100
6175,BL80204,Battery,high,0.25,0,500,2053
6205,50616,Mower,low,1.5,0,500,44801
6206,LSTM2012-2,String Trimmer,low,1.12,0,500,44836
6210,70432,Shovel,med,0.75,0,500,2059
6214,DT71613S,Dethatcher,high,1.12,0,500,4279
6215,DT-TK-1,Kit,high,0.5,0,1000,2061
6217,SK-2,Sharpening Kit,high,0.02,0,500,2061
6228,TC70020-1,Tiller/Cultivator,high,1.75,0,500,4279
6231,BL80204-1,Battery,high,0.25,0,500,2053
6234,415-16SG,Reel Mower,high,1.5,0,500,1039
6235,TC70020S,Tiller/Cultivator,high,1.75,0,500,4279
6358,RS91120-1,String Trimmer Spool,high,0.05,0,500,2065
6382,DT71212,Dethatcher,med,1.12,0,500,4279
6385,524570,Shovel,low,0.75,0,500,2059
6410,RA-005,hand tool,med,0.25,0,500,44837
6650,SN75018,Snow Thrower,med,1.62,0,500,1977
6651,SN75022,Snow Thrower,low,1.62,0,500,1977
6667,DT71613AA,Dethatcher,high,1.12,0,500,4279
6677,GS015,Chipper Shredder,high,1.75,0,500,4231
6678,SN722018,Snow Thrower,high,1.62,0,500,1977
6698,SN002,Boxed Shovel,high,0.75,0,500,2031
6699,SN003,Boxed Shovel,high,0.75,0,500,2031
6701,LSS020-GRASS,Hedge Trimmer,high,1.12,0,500,1972
6702,LSS020-SHRUB,Hedge Trimmer,med,1.12,0,500,1972
6710,TC70010-1,Tiller/Cultivator,high,1.75,0,500,4279
6712,1816-16-1,Reel Mower,high,1.5,0,500,1039
6713,2002-20-1,Reel Mower,high,1.5,0,500,1039
6715,LCS0620-1,Whole Good,high,1.5,0,500,1959
6721,220KB,Shovel,high,0.75,0,500,2059
6722,225KB,Shovel,high,0.75,0,500,2059
6723,LBVM2202S,Blower Vacuum,high,1.12,0,500,44646
6725,1W,Oversized Shovel,high,0.75,0,500,44800
6726,1A,Oversized Shovel,high,0.75,0,500,44800
6730,1000A,Shovel,high,0.75,0,500,2059
6731,1000L,Shovel,high,0.75,0,500,2059
6732,500W,hand tool,high,0.25,0,500,44837
6733,RA-001EWG,Boxed Shovel,low,0.75,0,500,2031
6741,RPS001,Shovel,high,0.75,0,500,2059
6754,ST004,Shovel,high,0.75,0,500,2059
6759,ST009,Shovel,low,0.75,0,500,2059
6767,LRK002,Oversized Shovel,high,0.75,0,500,44800
6773,TC70065EW,Tiller/Cultivator,high,1.75,0,500,4279
6774,TC70090EW,Tiller/Cultivator,high,1.75,0,500,4279
6776,TC70016EW,Tiller/Cultivator,low,1.75,0,500,4279
6778,TC70020IT,Tiller/Cultivator,high,1.75,0,500,4279
6781,TC70135SS,Tiller/Cultivator,high,1.75,0,500,4279
6782,TC71420S,Tiller/Cultivator,high,1.75,0,500,4279
6784,GS015-BK-1,Kit,med,0.5,0,1000,2061
7001,23102,Shovel,high,0.75,0,500,2059
7102,TC70018EW,Tiller/Cultivator,low,1.75,0,500,4279
7103,1715-16EWG,Reel Mower,high,1.5,0,500,1039
7352,RB80419,Accessory,low,0.05,0,500,725
7681,1304-14GC,Reel Mower,high,1.5,0,500,1039
7698,LCS0620-CHAIN,Chainsaw Chain,high,1,0,500,44829
7703,304-14CR,Whole Good,high,1.5,0,500,1959
7710,1816-16CR,Reel Mower,med,1.5,0,500,1039
7711,1816-18CR,Reel Mower,high,1.5,0,500,1039
7716,1725-16GC,Reel Mower,high,1.5,0,500,1039
7726,LRK002G,Oversized Shovel,high,0.75,0,500,44800
7728,GS001G,Oversized Shovel,high,0.75,0,500,44800
7731,304-16BD,Reel Mower,low,1.5,0,500,1039
7740,1895ALM,Reel Mower,high,1.5,0,500,1039
7745,SN70016-1,Snow Thrower,high,1.62,0,500,1977
7746,SN71012-1,Snow Thrower,low,1.62,0,500,1977
7751,WD001,Shovel,high,0.75,0,500,2059
7755,BDRPS205MS,Shovel,high,0.75,0,500,2059
7756,BDRPS206MS,Shovel,high,0.75,0,500,2059
7757,BDRPS207MS,Shovel,high,0.75,0,500,2059
7758,BDTS205MS,Shovel,high,0.75,0,500,2059
7759,BDTS206MS,Shovel,high,0.75,0,500,2059
7760,BDTS207MS,Shovel,high,0.75,0,500,2059
7761,BDGS201MS,Oversized Shovel,high,0.75,0,500,44800
7762,BDGS202MS,Oversized Shovel,high,0.75,0,500,44800
7763,BDGS203MS,Oversized Shovel,high,0.75,0,500,44800
7764,BDPHD102MS,Oversized Shovel,high,0.75,0,500,44800
7765,BDPHD204MS,Oversized Shovel,high,0.75,0,500,44800
7766,BDST101MS,Shovel,high,0.75,0,500,2059
7767,BDST116MS,Shovel,high,0.75,0,500,2059
7769,BDLRK102MS,Rake,high,0.75,0,500,2031
7770,BDBRK204MS,Oversized Shovel,high,0.75,0,500,44800
7771,BDST216MS,Shovel,high,0.75,0,500,2059
7772,RM16-Classic-HK,Part,high,0.02,0,1000,1913
7777,BDST210MS,Shovel,high,0.75,0,500,2059
7778,BDST211MS,Shovel,high,0.75,0,500,2059
7779,BDST227MS,Shovel,high,0.75,0,500,2059
7780,BDGS004MS,Oversized Shovel,high,0.75,0,500,44800
7781,BDBRK006MS,Oversized Shovel,high,0.75,0,500,44800
7782,BDST026MS,Shovel,high,0.75,0,500,2059
7783,BDST027MS,Shovel,high,0.75,0,500,2059
7784,BDST028MS,Oversized Shovel,high,0.75,0,500,44800
7785,BDST013MS,Oversized Shovel,high,0.75,0,500,44800
7786,BDST226MS,Shovel,high,0.75,0,500,2059
7795,1716-18EWGC,Reel Mower,high,1.5,0,500,1039
7802,GT-ST023,Shovel,high,0.75,0,500,2059
7803,GT-TS001,Shovel,high,0.75,0,500,2059
7804,GT-BRK203,Oversized Shovel,high,0.75,0,500,44800
7805,GT-GS202,Oversized Shovel,high,0.75,0,500,44800
7806,GT-PHD205,Oversized Shovel,high,0.75,0,500,44800
7807,GT-RPS204,Shovel,high,0.75,0,500,2059
7808,GT-RPS202,Shovel,high,0.75,0,500,2059
7809,GT-ST209,Shovel,high,0.75,0,500,2059
7810,GT-ST211,Shovel,high,0.75,0,500,2059
7811,GT-ST212,Shovel,high,0.75,0,500,2059
7812,GT-ST217,Shovel,high,0.75,0,500,2059
7815,GT-ST226,Shovel,high,0.75,0,500,2059
7816,GT-TS202,Shovel,high,0.75,0,500,2059
7818,GT-MRP001,Shovel,high,0.75,0,500,2059
7819,GT-ST405,Shovel,high,0.75,0,500,2059
7820,GT-BRK406,Oversized Shovel,high,0.75,0,500,44800
7821,GT-RPS402,Shovel,high,0.75,0,500,2059
7822,GT-TS402,Shovel,high,0.75,0,500,2059
7898,MRP001EW,Whole Good,high,1.5,0,500,1959
7899,LRK208EW,Oversized Shovel,high,0.75,0,500,44800
7900,LRK206EW,Oversized Shovel,high,0.75,0,500,44800
7901,BRK204EW,Rake,high,0.75,0,500,2031
7902,TS201EW,Shovel,high,0.75,0,500,2059
7903,RPS201EW,Shovel,high,0.75,0,500,2059
7904,ST216EW,Shovel,high,0.75,0,500,2059
7905,ELF001,Rake,high,0.75,0,500,2031
7906,LSTM2012-4S,Mower,low,1.5,0,500,44801
7911,GS005G,Boxed Shovel,high,0.75,0,500,2031
7912,ST031G,Shovel,high,0.75,0,500,2059
7913,6GPNSH-1,wheelbarrow,high,2,0,500,44832
7920,BDTSRP33STL,Shovel,high,0.75,0,500,2059
7921,BDTTSP33STL,Shovel,high,0.75,0,500,2059
7922,BDPLR26TSTL,Oversized Shovel,high,0.75,0,500,44800
7923,BDPLR30TSTL,Oversized Shovel,high,0.75,0,500,44800
7924,BDSFR25TSTL,Oversized Shovel,high,0.75,0,500,44800
7925,BDSSR11TSTL,Oversized Shovel,high,0.75,0,500,44800
7928,RM-GRIP,Part,low,0.02,0,1000,1913
7929,LS21/26-JK,Part,high,0.02,0,1000,1913
7930,RM-PAWL,Part,med,0.02,0,1000,1913
7936,1000LEW,Shovel,high,0.75,0,500,2059
7937,CF12HDW,Rake,low,0.75,0,500,2031
#N/A,LSTM2012-4 : LSTM2012-4MW,String Trimmer,low,1.12,0,500,44836
7942,R-CSTC-R22,Shovel,low,0.75,0,500,2059
7943,RMC01-B01,Whole Good,high,1.5,0,500,1959
7944,ODP01-W01,Whole Good,low,1.5,0,500,1959
7946,GS002G,Oversized Shovel,low,0.75,0,500,44800
7947,LRK005G,Oversized Shovel,low,0.75,0,500,44800
7952,GT-WD005,Shovel,low,0.75,0,500,2059
7953,TV-TS203,Shovel,low,0.75,0,500,2059
7954,TV-GS201,Oversized Shovel,high,0.75,0,500,44800
7955,GT-TS003,Shovel,low,0.75,0,500,2059
7957,GT-RPS010,Shovel,high,0.75,0,500,2059
7958,TV-TS201,Shovel,high,0.75,0,500,2059
7959,TV-RPS203,Shovel,low,0.75,0,500,2059
7960,TV-ST034,Shovel,low,0.75,0,500,2059
7961,TV-RPS201,Shovel,high,0.75,0,500,2059
7962,TV-BRK506,Shovel,high,0.75,0,500,2059
7963,GT-ST033,Shovel,low,0.75,0,500,2059
7964,GT-TS201,Shovel,high,0.75,0,500,2059
7966,GT-BRK204,Oversized Shovel,low,0.75,0,500,44800
7967,TV-TS502,Shovel,high,0.75,0,500,2059
7968,TV-BRK204,Shovel,low,0.75,0,500,2059
7969,GT-RPS201,Shovel,high,0.75,0,500,2059
7970,TV-RPS502,Whole Good,high,1.5,0,500,1959
7971,ST030G,Shovel,low,0.75,0,500,2059
7972,TV-ST035,Shovel,low,0.75,0,500,2059
7973,TR001,Rake,low,0.75,0,500,2031
7974,6757SP,pet scoop,high,0.75,0,500,44791
7975,DHK-001,Display,high,2,0,500,1971
7976,LRM-BELT,Part,low,0.02,0,1000,1913
7977,SN722016,Snow Thrower,med,1.62,0,500,1977
7979,RTC70040EW-KEY,Kit,low,0.5,0,1000,2061
7980,RM1416-BRACKET,Kit,low,0.5,0,1000,2061
7981,RM18-BRACKET,Kit,low,0.5,0,1000,2061
7982,RS220-001,Shovel,med,0.75,0,500,2059
7983,RS225-001,Shovel,high,0.75,0,500,2059
7984,RS241-001,Shovel,high,0.75,0,500,2059
7985,RS233-001,Shovel,high,0.75,0,500,2059
7986,RS801-001,Shovel,low,0.75,0,500,2059
7987,RS226-001,Shovel,high,0.75,0,500,2059
7988,RS223-001,Shovel,high,0.75,0,500,2059
7989,RS224-001,Shovel,high,0.75,0,500,2059
7990,SN70112-BELT,Part,low,0.02,0,1000,1913
7991,RS220-002,Shovel,high,0.75,0,500,2059
7992,RS233-002,Shovel,high,0.75,0,500,2059
7994,SN2216-WHL-1,Kit,low,0.5,0,1000,2061
7997,SN2216-SB-1,Kit,low,0.5,0,1000,2061
7998,SN2216-AK-1,Kit,low,0.5,0,1000,2061
7999,MC01-R01,hand tool,low,0.25,0,500,44837
8000,SW03-R01,hand tool,low,0.25,0,500,44837
8001,SW02-R01,hand tool,low,0.25,0,500,44837
8002,SW01-R01,hand tool,low,0.25,0,500,44837
8003,SC01-R01,hand tool,low,0.25,0,500,44837
8004,GS01-R01,hand tool,low,0.25,0,500,44837
8005,FP03-R01,hand tool,low,0.25,0,500,44837
8006,FP02-R01,hand tool,low,0.25,0,500,44837
8007,FP01-R01,hand tool,low,0.25,0,500,44837
8008,AP03-R01,hand tool,high,0.25,0,500,44837
8009,AP02-R01,hand tool,low,0.25,0,500,44837
8010,AP01-R01,hand tool,low,0.25,0,500,44837
8011,BP06-R01,hand tool,low,0.25,0,500,44837
8012,BP05-R01,hand tool,med,0.25,0,500,44837
8013,BP04-R01,hand tool,high,0.25,0,500,44837
8014,BP03-R01,hand tool,low,0.25,0,500,44837
8015,BP02-R01,hand tool,low,0.25,0,500,44837
8016,BP01-R01,hand tool,low,0.25,0,500,44837
8017,HS03-R01,hand tool,med,0.25,0,500,44837
8018,HS02-R01,hand tool,low,0.25,0,500,44837
8019,HS01-R01,hand tool,low,0.25,0,500,44837
8020,AL03-R01,hand tool,low,0.25,0,500,44837
8021,AL02-R01,hand tool,low,0.25,0,500,44837
8022,AL01-R01,hand tool,low,0.25,0,500,44837
8023,BL06-R01,hand tool,low,0.25,0,500,44837
8024,BL05-R01,hand tool,low,0.25,0,500,44837
8025,BL04-R01,hand tool,low,0.25,0,500,44837
8026,BL03-R01,hand tool,low,0.25,0,500,44837
8027,BL02-R01,hand tool,low,0.25,0,500,44837
8028,BL01-R01,hand tool,low,0.25,0,500,44837
8029,PP02-R01,hand tool,low,0.25,0,500,44837
8030,PP01-R01,hand tool,low,0.25,0,500,44837
8099,916-16EWG,Reel Mower,high,1.5,0,500,1039
8100,916-18EWG,Reel Mower,high,1.5,0,500,1039
8101,1895-9EWG,Reel Mower,low,1.5,0,500,1039
8103,BM49,Misc.,low,0.02,0,500,3514
8105,BM61,Misc.,low,0.02,0,500,3514
8107,ELF001-1,Rake,low,0.75,0,500,2031
8108,BXGTLM1524V,Rake,high,0.75,0,500,2031
8109,BXGTLM1301V,hand tool,high,0.25,0,500,44837
8110,BXGTLM2736V,Shovel,high,0.75,0,500,2059
8111,BXGTLM1515V,Shovel,high,0.75,0,500,2059
8112,BXGTLM1111V,hand tool,high,0.25,0,500,44837
8113,BXGTLM1119V,hand tool,high,0.25,0,500,44837
8114,BXGTLM1117V,hand tool,high,0.25,0,500,44837
8115,BXGTLM1112V,hand tool,high,0.25,0,500,44837
8116,BXGTLM1824V,hand tool,high,0.25,0,500,44837
8117,BXGTLM1206V,hand tool,high,0.25,0,500,44837
8118,BXGTLM1411V,hand tool,high,0.25,0,500,44837
8119,BXGTLM1143V,hand tool,high,0.25,0,500,44837
8120,BXGTLM1126V,hand tool,high,0.25,0,500,44837
8121,BXGTLM965A7V,hand tool,high,0.25,0,500,44837
8122,BXGTLM1732V,hand tool,high,0.25,0,500,44837
8123,BXGTLM1701V,hand tool,high,0.25,0,500,44837
8124,BXGTLM1703V,hand tool,high,0.25,0,500,44837
8125,BXGTLM1546V,hand tool,high,0.25,0,500,44837
8126,BXGTLM1545V,hand tool,high,0.25,0,500,44837
8127,BXGTLM1538V,hand tool,high,0.25,0,500,44837
8128,BXGTLM1540V,hand tool,high,0.25,0,500,44837
8129,BXGTLM1534V,hand tool,high,0.25,0,500,44837
8130,BXGTLM1535V,hand tool,high,0.25,0,500,44837
8131,BXGTLM1717,hand tool,high,0.25,0,500,44837
8132,RPS203EW,Shovel,high,0.75,0,500,2059
8133,ST208EW,Shovel,high,0.75,0,500,2059
8134,TS203EW,Shovel,high,0.75,0,500,2059
8135,LRK009EW,Shovel,high,0.75,0,500,2059
8136,51319-1,Mower,high,1.5,0,500,44801
8138,RM14/16-BRACKET,Kit,low,0.5,0,1000,2061
8139,RM14-UHS,Kit,low,0.5,0,1000,2061
8140,RM14-LHS,Kit,low,0.5,0,1000,2061
8141,RM16-T-HNDL,Kit,low,0.5,0,1000,2061
8142,RM16-T-UPHNDL,Kit,low,0.5,0,1000,2061
8143,RM16-T-LOHNDL,Kit,low,0.5,0,1000,2061
8144,RM16-U-UPHNDL,Kit,low,0.5,0,1000,2061
8145,RM16-U-LOHNDL,Kit,low,0.5,0,1000,2061
8146,RM18-U-UPHNDL,Kit,low,0.5,0,1000,2061
8147,RM18-U-LOHNDL,Kit,low,0.5,0,1000,2061
8148,RM20-U-UPHNDL,Kit,low,0.5,0,1000,2061
8149,RM20-U-LOHNDL,Kit,low,0.5,0,1000,2061
8151,RM-U-MIDHNDL,Kit,low,0.5,0,1000,2061
8152,A30300A,Kit,low,0.5,0,1000,2061
8153,RS231-G04,Shovel,high,0.75,0,500,2059
8154,RS231-B04,Shovel,high,0.75,0,500,2059
8155,RS231-004,Shovel,high,0.75,0,500,2059
8156,TC722011-KEY,Kit,low,0.5,0,1000,2061
8157,1304-14SK2,Reel Mower,high,1.5,0,500,1039
8158,1415-16SK2,Reel Mower,high,1.5,0,500,1039
8159,2002-20,Reel Mower,high,1.5,0,500,1039
8160,1604-16,Reel Mower,high,1.5,0,500,1039
8161,1804-18,Reel Mower,high,1.5,0,500,1039
8162,51319,Mower,high,1.5,0,500,44801
8164,R3601-001,Shovel,low,0.75,0,500,2059
8165,R3602-001,Shovel,low,0.75,0,500,2059
8166,R6303-001,Shovel,low,0.75,0,500,2059
8167,R3604-001,Shovel,low,0.75,0,500,2059
8168,R3605-001,Shovel,low,0.75,0,500,2059
8169,R3606-001,Shovel,low,0.75,0,500,2059
8170,R3607-001,Shovel,low,0.75,0,500,2059
8171,R3608-001,Shovel,low,0.75,0,500,2059
8172,R3609-001,Shovel,low,0.75,0,500,2059
8173,R3610-001,Shovel,low,0.75,0,500,2059
8174,R3681-001,Shovel,low,0.75,0,500,2059
8175,ELF001R,Shovel,low,0.75,0,500,2059
8176,MRP001,Shovel,low,0.75,0,500,2059
8177,LRK011,Shovel,low,0.75,0,500,2059
8178,LRK012,Shovel,low,0.75,0,500,2059
8179,ST045,Shovel,low,0.75,0,500,2059
8183,R3603-001,Shovel,low,0.75,0,500,2059
8191,R3602-002,Shovel,high,0.75,0,500,2059
8192,1415-16BDSK2,Reel Mower,low,1.5,0,500,1039
8193,1304-14BDSK2,Reel Mower,low,1.5,0,500,1039
8194,1204-14BD,Reel Mower,low,1.5,0,500,1039
8199,CS33114-SC-1,Part,low,0.02,0,1000,1913
8200,CS34014S-SC-1,Part,low,0.02,0,1000,1913
8201,CS34018-SC-1,Part,low,0.02,0,1000,1913
8202,PS45010-SRK-1,Part,low,0.02,0,1000,1913
8205,1415-16BD,Reel Mower,low,1.5,0,500,1039
8207,RS220-004,Shovel,low,0.75,0,500,2059
8208,RS233-004,Shovel,low,0.75,0,500,2059
8209,RS226-004,Shovel,low,0.75,0,500,2059
8210,RS220-005,Shovel,low,0.75,0,500,2059
8211,RS233-005,Shovel,low,0.75,0,500,2059
8212,TC8-10EW,Tiller/Cultivator,low,1.75,0,500,4279
8213,TC8-10-1,Tiller/Cultivator,low,1.75,0,500,4279
8214,TC8-135EW,Tiller/Cultivator,low,1.75,0,500,4279
8215,TC8-2075EW,Tiller/Cultivator,low,1.75,0,500,4279
8216,TC8-25EW,Tiller/Cultivator,low,1.75,0,500,4279
8232,SKP97006,Weeder,high,1.12,0,500,44783
8233,SKP97020,Weeder,high,1.12,0,500,44783
8234,SKP97051,Weeder,high,1.12,0,500,44783
8254,2120-16-UHK,Part,high,0.02,0,1000,1913
8260,1204-14GC,Reel Mower,high,1.5,0,500,1039
8261,1815-18GC,Reel Mower,high,1.5,0,500,1039
8262,MRP001R,Shovel,low,0.75,0,500,2059
8263,LRK207-002,Oversized Shovel,high,0.75,0,500,44800
8264,ST217,Tiller/Cultivator,high,1.75,0,500,4279
8265,WD003-002,Weeder,high,1.12,0,500,44783
8266,LRK208-002,Rake,high,0.75,0,500,2031
8267,SKP97013 ,Display,high,2,0,500,1971
8268,HH97013,Display,high,2,0,500,1971
8269,FLXSK97013,Display,high,2,0,500,1971
8270,RA97013,Display,high,2,0,500,1971
8271,FLX97013,Display,high,2,0,500,1971
8283,70433,Display,med,2,0,500,1971
