record_id,sample_question,actual_route,predicted_route,correct,similarity,matched_record_id,matched_question,top_3_matches
account_access_03,The customer portal says my username is not recognized.,account_access,account_access,True,0.6896,account_access_02,My profile is locked and I need access restored.,account_access:account_access_02:0.6896; account_access:account_access_06:0.6357; account_access:account_access_04:0.6017
account_access_05,The login page keeps rejecting my credentials.,account_access,account_access,True,0.7762,account_access_02,My profile is locked and I need access restored.,account_access:account_access_02:0.7762; account_access:account_access_06:0.7452; account_access:account_access_04:0.7048
account_access_07,I am blocked from the company portal.,account_access,account_access,True,0.6597,account_access_02,My profile is locked and I need access restored.,account_access:account_access_02:0.6597; account_access:account_access_06:0.6275; account_access:account_access_04:0.5932
billing_invoice_03,Can you explain why my account balance changed?,billing_invoice,billing_invoice,True,0.6197,billing_invoice_07,Where can I download a statement for this month?,billing_invoice:billing_invoice_07:0.6197; billing_invoice:billing_invoice_01:0.6143; billing_invoice:billing_invoice_02:0.5600
billing_invoice_04,My payment receipt did not arrive by email.,billing_invoice,billing_invoice,True,0.6798,billing_invoice_01,I need a copy of my latest invoice.,billing_invoice:billing_invoice_01:0.6798; billing_invoice:billing_invoice_02:0.6737; billing_invoice:billing_invoice_07:0.6442
billing_invoice_06,I need help updating the billing contact.,billing_invoice,billing_invoice,True,0.715,billing_invoice_01,I need a copy of my latest invoice.,billing_invoice:billing_invoice_01:0.7150; billing_invoice:billing_invoice_07:0.6724; billing_invoice:billing_invoice_08:0.6627
human_escalation_05,I need a human agent to review my account.,human_escalation,human_escalation,True,0.6566,human_escalation_07,This complaint needs to go to a manager.,human_escalation:human_escalation_07:0.6566; human_escalation:human_escalation_08:0.6496; human_escalation:human_escalation_03:0.6265
human_escalation_06,Can someone from support call me back?,human_escalation,human_escalation,True,0.6702,human_escalation_02,Please connect me with a supervisor.,human_escalation:human_escalation_02:0.6702; human_escalation:human_escalation_03:0.5792; human_escalation:human_escalation_08:0.5511
human_escalation_01,I want to speak with a person about this issue.,human_escalation,human_escalation,True,0.6424,human_escalation_02,Please connect me with a supervisor.,human_escalation:human_escalation_02:0.6424; human_escalation:human_escalation_07:0.6378; human_escalation:human_escalation_08:0.6263
onboarding_help_04,I need help completing my orientation steps.,onboarding_help,onboarding_help,True,0.6732,onboarding_help_01,I am a new user and need the onboarding checklist.,onboarding_help:onboarding_help_01:0.6732; onboarding_help:onboarding_help_08:0.6587; onboarding_help:onboarding_help_05:0.6265
onboarding_help_03,Can you send the first-time user guide?,onboarding_help,onboarding_help,True,0.6942,onboarding_help_01,I am a new user and need the onboarding checklist.,onboarding_help:onboarding_help_01:0.6942; onboarding_help:onboarding_help_05:0.6705; onboarding_help:onboarding_help_02:0.6355
onboarding_help_07,Please point me to the onboarding instructions.,onboarding_help,onboarding_help,True,0.7239,onboarding_help_01,I am a new user and need the onboarding checklist.,onboarding_help:onboarding_help_01:0.7239; onboarding_help:onboarding_help_05:0.6390; onboarding_help:onboarding_help_08:0.6371
order_status_06,I want to know where my shipment is.,order_status,order_status,True,0.6976,order_status_03,The order number shows no shipment update.,order_status:order_status_03:0.6976; order_status:order_status_01:0.6655; order_status:order_status_07:0.6460
order_status_08,Please review the delivery status for this order.,order_status,order_status,True,0.7773,order_status_01,Can you check the status of my order?,order_status:order_status_01:0.7773; order_status:order_status_03:0.7412; order_status:order_status_07:0.7352
order_status_04,When will my order be delivered?,order_status,order_status,True,0.8114,order_status_01,Can you check the status of my order?,order_status:order_status_01:0.8114; order_status:order_status_03:0.7948; order_status:order_status_07:0.7523
policy_lookup_06,I need the official document for this requirement.,policy_lookup,policy_lookup,True,0.7894,policy_lookup_03,Where is the guideline for this process?,policy_lookup:policy_lookup_03:0.7894; policy_lookup:policy_lookup_02:0.7700; policy_lookup:policy_lookup_01:0.7316
policy_lookup_08,Please look up the procedure before I respond.,policy_lookup,policy_lookup,True,0.7991,policy_lookup_02,I need the procedure for handling a customer complaint.,policy_lookup:policy_lookup_02:0.7991; policy_lookup:policy_lookup_03:0.7491; policy_lookup:policy_lookup_01:0.6943
policy_lookup_04,Can you find the compliance rule for refunds?,policy_lookup,policy_lookup,True,0.6991,policy_lookup_03,Where is the guideline for this process?,policy_lookup:policy_lookup_03:0.6991; policy_lookup:policy_lookup_02:0.6798; policy_lookup:policy_lookup_01:0.6479
returns_refunds_02,The customer is asking for a refund.,returns_refunds,returns_refunds,True,0.7656,returns_refunds_04,I need a return label for my order.,returns_refunds:returns_refunds_04:0.7656; returns_refunds:returns_refunds_07:0.7118; returns_refunds:returns_refunds_01:0.7050
returns_refunds_06,The cancellation should have created a credit.,returns_refunds,returns_refunds,True,0.7782,returns_refunds_04,I need a return label for my order.,returns_refunds:returns_refunds_04:0.7782; returns_refunds:returns_refunds_07:0.7521; returns_refunds:returns_refunds_01:0.7461
returns_refunds_05,When will the reimbursement be processed?,returns_refunds,returns_refunds,True,0.804,returns_refunds_04,I need a return label for my order.,returns_refunds:returns_refunds_04:0.8040; returns_refunds:returns_refunds_07:0.7744; returns_refunds:returns_refunds_01:0.7669
service_scheduling_05,The customer wants to move the visit to Friday.,service_scheduling,service_scheduling,True,0.7802,service_scheduling_01,I need to schedule a service appointment.,service_scheduling:service_scheduling_01:0.7802; service_scheduling:service_scheduling_08:0.7175; service_scheduling:service_scheduling_02:0.6983
service_scheduling_04,What appointment times are available?,service_scheduling,service_scheduling,True,0.8714,service_scheduling_01,I need to schedule a service appointment.,service_scheduling:service_scheduling_01:0.8714; service_scheduling:service_scheduling_03:0.7577; service_scheduling:service_scheduling_06:0.7437
service_scheduling_07,Can you check the service calendar?,service_scheduling,service_scheduling,True,0.7692,service_scheduling_01,I need to schedule a service appointment.,service_scheduling:service_scheduling_01:0.7692; service_scheduling:service_scheduling_03:0.7340; service_scheduling:service_scheduling_02:0.7067
technical_support_03,The product is not working after setup.,technical_support,technical_support,True,0.6589,technical_support_08,Please route this to product support for troubleshooting.,technical_support:technical_support_08:0.6589; technical_support:technical_support_07:0.6258; technical_support:technical_support_04:0.6159
technical_support_01,The software shows an error when I open it.,technical_support,technical_support,True,0.7009,technical_support_06,I keep getting the same system error.,technical_support:technical_support_06:0.7009; technical_support:technical_support_04:0.6980; technical_support:technical_support_07:0.6733
technical_support_02,I need help troubleshooting a device issue.,technical_support,technical_support,True,0.7268,technical_support_08,Please route this to product support for troubleshooting.,technical_support:technical_support_08:0.7268; technical_support:technical_support_04:0.7266; technical_support:technical_support_07:0.6748
training_materials_02,I need documentation for this workflow.,training_materials,training_materials,True,0.8271,training_materials_07,I need training material for a new process.,training_materials:training_materials_07:0.8271; training_materials:training_materials_04:0.7636; training_materials:training_materials_01:0.7391
training_materials_08,Can support share the current user guide?,training_materials,training_materials,True,0.7797,training_materials_01,Where can I find the training manual?,training_materials:training_materials_01:0.7797; training_materials:training_materials_03:0.7283; training_materials:training_materials_04:0.7245
training_materials_05,Is there a lesson for using this tool?,training_materials,training_materials,True,0.7318,training_materials_07,I need training material for a new process.,training_materials:training_materials_07:0.7318; training_materials:training_materials_04:0.7115; training_materials:training_materials_01:0.6886
