record_id,source_row_id,route_label,source_category,sample_question,keywords,combined_text,approved_answer,source_note
account_access_01,account_access_01,account_access,Account Access,I cannot log in to my account dashboard.,login account profile access locked username portal authentication,I cannot log in to my account dashboard. login account profile access locked username portal authentication,"Verify the user identity, confirm the account status, and route the case to account access support if portal access cannot be restored.",Sanitized coursework FAQ/SOP sample based on the Module 4 custom enterprise knowledge-base dataset plan.
account_access_02,account_access_02,account_access,Account Access,My profile is locked and I need access restored.,login account profile access locked username portal authentication,My profile is locked and I need access restored. login account profile access locked username portal authentication,"Verify the user identity, confirm the account status, and route the case to account access support if portal access cannot be restored.",Sanitized coursework FAQ/SOP sample based on the Module 4 custom enterprise knowledge-base dataset plan.
account_access_03,account_access_03,account_access,Account Access,The customer portal says my username is not recognized.,login account profile access locked username portal authentication,The customer portal says my username is not recognized. login account profile access locked username portal authentication,"Verify the user identity, confirm the account status, and route the case to account access support if portal access cannot be restored.",Sanitized coursework FAQ/SOP sample based on the Module 4 custom enterprise knowledge-base dataset plan.
account_access_04,account_access_04,account_access,Account Access,I need help getting back into my account.,login account profile access locked username portal authentication,I need help getting back into my account. login account profile access locked username portal authentication,"Verify the user identity, confirm the account status, and route the case to account access support if portal access cannot be restored.",Sanitized coursework FAQ/SOP sample based on the Module 4 custom enterprise knowledge-base dataset plan.
account_access_05,account_access_05,account_access,Account Access,The login page keeps rejecting my credentials.,login account profile access locked username portal authentication,The login page keeps rejecting my credentials. login account profile access locked username portal authentication,"Verify the user identity, confirm the account status, and route the case to account access support if portal access cannot be restored.",Sanitized coursework FAQ/SOP sample based on the Module 4 custom enterprise knowledge-base dataset plan.
account_access_06,account_access_06,account_access,Account Access,Can support unlock my online profile?,login account profile access locked username portal authentication,Can support unlock my online profile? login account profile access locked username portal authentication,"Verify the user identity, confirm the account status, and route the case to account access support if portal access cannot be restored.",Sanitized coursework FAQ/SOP sample based on the Module 4 custom enterprise knowledge-base dataset plan.
account_access_07,account_access_07,account_access,Account Access,I am blocked from the company portal.,login account profile access locked username portal authentication,I am blocked from the company portal. login account profile access locked username portal authentication,"Verify the user identity, confirm the account status, and route the case to account access support if portal access cannot be restored.",Sanitized coursework FAQ/SOP sample based on the Module 4 custom enterprise knowledge-base dataset plan.
account_access_08,account_access_08,account_access,Account Access,My account access stopped working after the last password change.,login account profile access locked username portal authentication,My account access stopped working after the last password change. login account profile access locked username portal authentication,"Verify the user identity, confirm the account status, and route the case to account access support if portal access cannot be restored.",Sanitized coursework FAQ/SOP sample based on the Module 4 custom enterprise knowledge-base dataset plan.
billing_invoice_01,billing_invoice_01,billing_invoice,Billing and Invoice,I need a copy of my latest invoice.,invoice bill charge payment receipt statement billing balance due,I need a copy of my latest invoice. invoice bill charge payment receipt statement billing balance due,"Review the invoice number, payment status, billing contact, and account balance before routing unresolved issues to billing support.",Sanitized coursework FAQ/SOP sample based on the Module 4 custom enterprise knowledge-base dataset plan.
billing_invoice_02,billing_invoice_02,billing_invoice,Billing and Invoice,There is a charge on my bill that I do not recognize.,invoice bill charge payment receipt statement billing balance due,There is a charge on my bill that I do not recognize. invoice bill charge payment receipt statement billing balance due,"Review the invoice number, payment status, billing contact, and account balance before routing unresolved issues to billing support.",Sanitized coursework FAQ/SOP sample based on the Module 4 custom enterprise knowledge-base dataset plan.
billing_invoice_03,billing_invoice_03,billing_invoice,Billing and Invoice,Can you explain why my account balance changed?,invoice bill charge payment receipt statement billing balance due,Can you explain why my account balance changed? invoice bill charge payment receipt statement billing balance due,"Review the invoice number, payment status, billing contact, and account balance before routing unresolved issues to billing support.",Sanitized coursework FAQ/SOP sample based on the Module 4 custom enterprise knowledge-base dataset plan.
billing_invoice_04,billing_invoice_04,billing_invoice,Billing and Invoice,My payment receipt did not arrive by email.,invoice bill charge payment receipt statement billing balance due,My payment receipt did not arrive by email. invoice bill charge payment receipt statement billing balance due,"Review the invoice number, payment status, billing contact, and account balance before routing unresolved issues to billing support.",Sanitized coursework FAQ/SOP sample based on the Module 4 custom enterprise knowledge-base dataset plan.
billing_invoice_05,billing_invoice_05,billing_invoice,Billing and Invoice,The invoice total looks different than expected.,invoice bill charge payment receipt statement billing balance due,The invoice total looks different than expected. invoice bill charge payment receipt statement billing balance due,"Review the invoice number, payment status, billing contact, and account balance before routing unresolved issues to billing support.",Sanitized coursework FAQ/SOP sample based on the Module 4 custom enterprise knowledge-base dataset plan.
billing_invoice_06,billing_invoice_06,billing_invoice,Billing and Invoice,I need help updating the billing contact.,invoice bill charge payment receipt statement billing balance due,I need help updating the billing contact. invoice bill charge payment receipt statement billing balance due,"Review the invoice number, payment status, billing contact, and account balance before routing unresolved issues to billing support.",Sanitized coursework FAQ/SOP sample based on the Module 4 custom enterprise knowledge-base dataset plan.
billing_invoice_07,billing_invoice_07,billing_invoice,Billing and Invoice,Where can I download a statement for this month?,invoice bill charge payment receipt statement billing balance due,Where can I download a statement for this month? invoice bill charge payment receipt statement billing balance due,"Review the invoice number, payment status, billing contact, and account balance before routing unresolved issues to billing support.",Sanitized coursework FAQ/SOP sample based on the Module 4 custom enterprise knowledge-base dataset plan.
billing_invoice_08,billing_invoice_08,billing_invoice,Billing and Invoice,The customer says the bill was already paid.,invoice bill charge payment receipt statement billing balance due,The customer says the bill was already paid. invoice bill charge payment receipt statement billing balance due,"Review the invoice number, payment status, billing contact, and account balance before routing unresolved issues to billing support.",Sanitized coursework FAQ/SOP sample based on the Module 4 custom enterprise knowledge-base dataset plan.
human_escalation_01,human_escalation_01,human_escalation,Escalation,I want to speak with a person about this issue.,representative human agent supervisor escalation urgent complaint unresolved,I want to speak with a person about this issue. representative human agent supervisor escalation urgent complaint unresolved,"Acknowledge the request, collect the case context, and transfer the conversation to the appropriate human support queue.",Sanitized coursework FAQ/SOP sample based on the Module 4 custom enterprise knowledge-base dataset plan.
human_escalation_02,human_escalation_02,human_escalation,Escalation,Please connect me with a supervisor.,representative human agent supervisor escalation urgent complaint unresolved,Please connect me with a supervisor. representative human agent supervisor escalation urgent complaint unresolved,"Acknowledge the request, collect the case context, and transfer the conversation to the appropriate human support queue.",Sanitized coursework FAQ/SOP sample based on the Module 4 custom enterprise knowledge-base dataset plan.
human_escalation_03,human_escalation_03,human_escalation,Escalation,This problem is urgent and needs escalation.,representative human agent supervisor escalation urgent complaint unresolved,This problem is urgent and needs escalation. representative human agent supervisor escalation urgent complaint unresolved,"Acknowledge the request, collect the case context, and transfer the conversation to the appropriate human support queue.",Sanitized coursework FAQ/SOP sample based on the Module 4 custom enterprise knowledge-base dataset plan.
human_escalation_04,human_escalation_04,human_escalation,Escalation,The automated answer did not solve my case.,representative human agent supervisor escalation urgent complaint unresolved,The automated answer did not solve my case. representative human agent supervisor escalation urgent complaint unresolved,"Acknowledge the request, collect the case context, and transfer the conversation to the appropriate human support queue.",Sanitized coursework FAQ/SOP sample based on the Module 4 custom enterprise knowledge-base dataset plan.
human_escalation_05,human_escalation_05,human_escalation,Escalation,I need a human agent to review my account.,representative human agent supervisor escalation urgent complaint unresolved,I need a human agent to review my account. representative human agent supervisor escalation urgent complaint unresolved,"Acknowledge the request, collect the case context, and transfer the conversation to the appropriate human support queue.",Sanitized coursework FAQ/SOP sample based on the Module 4 custom enterprise knowledge-base dataset plan.
human_escalation_06,human_escalation_06,human_escalation,Escalation,Can someone from support call me back?,representative human agent supervisor escalation urgent complaint unresolved,Can someone from support call me back? representative human agent supervisor escalation urgent complaint unresolved,"Acknowledge the request, collect the case context, and transfer the conversation to the appropriate human support queue.",Sanitized coursework FAQ/SOP sample based on the Module 4 custom enterprise knowledge-base dataset plan.
human_escalation_07,human_escalation_07,human_escalation,Escalation,This complaint needs to go to a manager.,representative human agent supervisor escalation urgent complaint unresolved,This complaint needs to go to a manager. representative human agent supervisor escalation urgent complaint unresolved,"Acknowledge the request, collect the case context, and transfer the conversation to the appropriate human support queue.",Sanitized coursework FAQ/SOP sample based on the Module 4 custom enterprise knowledge-base dataset plan.
human_escalation_08,human_escalation_08,human_escalation,Escalation,Route this conversation to a live representative.,representative human agent supervisor escalation urgent complaint unresolved,Route this conversation to a live representative. representative human agent supervisor escalation urgent complaint unresolved,"Acknowledge the request, collect the case context, and transfer the conversation to the appropriate human support queue.",Sanitized coursework FAQ/SOP sample based on the Module 4 custom enterprise knowledge-base dataset plan.
onboarding_help_01,onboarding_help_01,onboarding_help,Onboarding,I am a new user and need the onboarding checklist.,onboarding setup new user training orientation guide first time,I am a new user and need the onboarding checklist. onboarding setup new user training orientation guide first time,"Send the onboarding checklist, confirm the user's role, and provide links to the approved setup and training materials.",Sanitized coursework FAQ/SOP sample based on the Module 4 custom enterprise knowledge-base dataset plan.
onboarding_help_02,onboarding_help_02,onboarding_help,Onboarding,Where do I start with the system setup?,onboarding setup new user training orientation guide first time,Where do I start with the system setup? onboarding setup new user training orientation guide first time,"Send the onboarding checklist, confirm the user's role, and provide links to the approved setup and training materials.",Sanitized coursework FAQ/SOP sample based on the Module 4 custom enterprise knowledge-base dataset plan.
onboarding_help_03,onboarding_help_03,onboarding_help,Onboarding,Can you send the first-time user guide?,onboarding setup new user training orientation guide first time,Can you send the first-time user guide? onboarding setup new user training orientation guide first time,"Send the onboarding checklist, confirm the user's role, and provide links to the approved setup and training materials.",Sanitized coursework FAQ/SOP sample based on the Module 4 custom enterprise knowledge-base dataset plan.
onboarding_help_04,onboarding_help_04,onboarding_help,Onboarding,I need help completing my orientation steps.,onboarding setup new user training orientation guide first time,I need help completing my orientation steps. onboarding setup new user training orientation guide first time,"Send the onboarding checklist, confirm the user's role, and provide links to the approved setup and training materials.",Sanitized coursework FAQ/SOP sample based on the Module 4 custom enterprise knowledge-base dataset plan.
onboarding_help_05,onboarding_help_05,onboarding_help,Onboarding,What training should a new employee complete first?,onboarding setup new user training orientation guide first time,What training should a new employee complete first? onboarding setup new user training orientation guide first time,"Send the onboarding checklist, confirm the user's role, and provide links to the approved setup and training materials.",Sanitized coursework FAQ/SOP sample based on the Module 4 custom enterprise knowledge-base dataset plan.
onboarding_help_06,onboarding_help_06,onboarding_help,Onboarding,The new account is active but I do not know what to do next.,onboarding setup new user training orientation guide first time,The new account is active but I do not know what to do next. onboarding setup new user training orientation guide first time,"Send the onboarding checklist, confirm the user's role, and provide links to the approved setup and training materials.",Sanitized coursework FAQ/SOP sample based on the Module 4 custom enterprise knowledge-base dataset plan.
onboarding_help_07,onboarding_help_07,onboarding_help,Onboarding,Please point me to the onboarding instructions.,onboarding setup new user training orientation guide first time,Please point me to the onboarding instructions. onboarding setup new user training orientation guide first time,"Send the onboarding checklist, confirm the user's role, and provide links to the approved setup and training materials.",Sanitized coursework FAQ/SOP sample based on the Module 4 custom enterprise knowledge-base dataset plan.
onboarding_help_08,onboarding_help_08,onboarding_help,Onboarding,I need setup guidance for a new team member.,onboarding setup new user training orientation guide first time,I need setup guidance for a new team member. onboarding setup new user training orientation guide first time,"Send the onboarding checklist, confirm the user's role, and provide links to the approved setup and training materials.",Sanitized coursework FAQ/SOP sample based on the Module 4 custom enterprise knowledge-base dataset plan.
order_status_01,order_status_01,order_status,Order Status,Can you check the status of my order?,order status tracking shipment delivery purchase fulfillment order number,Can you check the status of my order? order status tracking shipment delivery purchase fulfillment order number,"Look up the order number, confirm fulfillment status, and provide the latest approved shipment or delivery update.",Sanitized coursework FAQ/SOP sample based on the Module 4 custom enterprise knowledge-base dataset plan.
order_status_02,order_status_02,order_status,Order Status,I need tracking information for a recent purchase.,order status tracking shipment delivery purchase fulfillment order number,I need tracking information for a recent purchase. order status tracking shipment delivery purchase fulfillment order number,"Look up the order number, confirm fulfillment status, and provide the latest approved shipment or delivery update.",Sanitized coursework FAQ/SOP sample based on the Module 4 custom enterprise knowledge-base dataset plan.
order_status_03,order_status_03,order_status,Order Status,The order number shows no shipment update.,order status tracking shipment delivery purchase fulfillment order number,The order number shows no shipment update. order status tracking shipment delivery purchase fulfillment order number,"Look up the order number, confirm fulfillment status, and provide the latest approved shipment or delivery update.",Sanitized coursework FAQ/SOP sample based on the Module 4 custom enterprise knowledge-base dataset plan.
order_status_04,order_status_04,order_status,Order Status,When will my order be delivered?,order status tracking shipment delivery purchase fulfillment order number,When will my order be delivered? order status tracking shipment delivery purchase fulfillment order number,"Look up the order number, confirm fulfillment status, and provide the latest approved shipment or delivery update.",Sanitized coursework FAQ/SOP sample based on the Module 4 custom enterprise knowledge-base dataset plan.
order_status_05,order_status_05,order_status,Order Status,Has my purchase been fulfilled yet?,order status tracking shipment delivery purchase fulfillment order number,Has my purchase been fulfilled yet? order status tracking shipment delivery purchase fulfillment order number,"Look up the order number, confirm fulfillment status, and provide the latest approved shipment or delivery update.",Sanitized coursework FAQ/SOP sample based on the Module 4 custom enterprise knowledge-base dataset plan.
order_status_06,order_status_06,order_status,Order Status,I want to know where my shipment is.,order status tracking shipment delivery purchase fulfillment order number,I want to know where my shipment is. order status tracking shipment delivery purchase fulfillment order number,"Look up the order number, confirm fulfillment status, and provide the latest approved shipment or delivery update.",Sanitized coursework FAQ/SOP sample based on the Module 4 custom enterprise knowledge-base dataset plan.
order_status_07,order_status_07,order_status,Order Status,The customer is asking for an order update.,order status tracking shipment delivery purchase fulfillment order number,The customer is asking for an order update. order status tracking shipment delivery purchase fulfillment order number,"Look up the order number, confirm fulfillment status, and provide the latest approved shipment or delivery update.",Sanitized coursework FAQ/SOP sample based on the Module 4 custom enterprise knowledge-base dataset plan.
order_status_08,order_status_08,order_status,Order Status,Please review the delivery status for this order.,order status tracking shipment delivery purchase fulfillment order number,Please review the delivery status for this order. order status tracking shipment delivery purchase fulfillment order number,"Look up the order number, confirm fulfillment status, and provide the latest approved shipment or delivery update.",Sanitized coursework FAQ/SOP sample based on the Module 4 custom enterprise knowledge-base dataset plan.
policy_lookup_01,policy_lookup_01,policy_lookup,Policy Lookup,What is the policy for approving this request?,policy procedure rule guideline approval compliance document requirement,What is the policy for approving this request? policy procedure rule guideline approval compliance document requirement,"Identify the relevant policy or SOP, provide the approved summary, and link the user to the controlled source document.",Sanitized coursework FAQ/SOP sample based on the Module 4 custom enterprise knowledge-base dataset plan.
policy_lookup_02,policy_lookup_02,policy_lookup,Policy Lookup,I need the procedure for handling a customer complaint.,policy procedure rule guideline approval compliance document requirement,I need the procedure for handling a customer complaint. policy procedure rule guideline approval compliance document requirement,"Identify the relevant policy or SOP, provide the approved summary, and link the user to the controlled source document.",Sanitized coursework FAQ/SOP sample based on the Module 4 custom enterprise knowledge-base dataset plan.
policy_lookup_03,policy_lookup_03,policy_lookup,Policy Lookup,Where is the guideline for this process?,policy procedure rule guideline approval compliance document requirement,Where is the guideline for this process? policy procedure rule guideline approval compliance document requirement,"Identify the relevant policy or SOP, provide the approved summary, and link the user to the controlled source document.",Sanitized coursework FAQ/SOP sample based on the Module 4 custom enterprise knowledge-base dataset plan.
policy_lookup_04,policy_lookup_04,policy_lookup,Policy Lookup,Can you find the compliance rule for refunds?,policy procedure rule guideline approval compliance document requirement,Can you find the compliance rule for refunds? policy procedure rule guideline approval compliance document requirement,"Identify the relevant policy or SOP, provide the approved summary, and link the user to the controlled source document.",Sanitized coursework FAQ/SOP sample based on the Module 4 custom enterprise knowledge-base dataset plan.
policy_lookup_05,policy_lookup_05,policy_lookup,Policy Lookup,Which SOP explains the approval steps?,policy procedure rule guideline approval compliance document requirement,Which SOP explains the approval steps? policy procedure rule guideline approval compliance document requirement,"Identify the relevant policy or SOP, provide the approved summary, and link the user to the controlled source document.",Sanitized coursework FAQ/SOP sample based on the Module 4 custom enterprise knowledge-base dataset plan.
policy_lookup_06,policy_lookup_06,policy_lookup,Policy Lookup,I need the official document for this requirement.,policy procedure rule guideline approval compliance document requirement,I need the official document for this requirement. policy procedure rule guideline approval compliance document requirement,"Identify the relevant policy or SOP, provide the approved summary, and link the user to the controlled source document.",Sanitized coursework FAQ/SOP sample based on the Module 4 custom enterprise knowledge-base dataset plan.
policy_lookup_07,policy_lookup_07,policy_lookup,Policy Lookup,What does the company policy say about this case?,policy procedure rule guideline approval compliance document requirement,What does the company policy say about this case? policy procedure rule guideline approval compliance document requirement,"Identify the relevant policy or SOP, provide the approved summary, and link the user to the controlled source document.",Sanitized coursework FAQ/SOP sample based on the Module 4 custom enterprise knowledge-base dataset plan.
policy_lookup_08,policy_lookup_08,policy_lookup,Policy Lookup,Please look up the procedure before I respond.,policy procedure rule guideline approval compliance document requirement,Please look up the procedure before I respond. policy procedure rule guideline approval compliance document requirement,"Identify the relevant policy or SOP, provide the approved summary, and link the user to the controlled source document.",Sanitized coursework FAQ/SOP sample based on the Module 4 custom enterprise knowledge-base dataset plan.
returns_refunds_01,returns_refunds_01,returns_refunds,Returns and Refunds,How do I start a return?,return refund exchange credit cancellation reimbursement return label,How do I start a return? return refund exchange credit cancellation reimbursement return label,"Confirm eligibility, check the purchase record, and provide the approved return, refund, or exchange workflow.",Sanitized coursework FAQ/SOP sample based on the Module 4 custom enterprise knowledge-base dataset plan.
returns_refunds_02,returns_refunds_02,returns_refunds,Returns and Refunds,The customer is asking for a refund.,return refund exchange credit cancellation reimbursement return label,The customer is asking for a refund. return refund exchange credit cancellation reimbursement return label,"Confirm eligibility, check the purchase record, and provide the approved return, refund, or exchange workflow.",Sanitized coursework FAQ/SOP sample based on the Module 4 custom enterprise knowledge-base dataset plan.
returns_refunds_03,returns_refunds_03,returns_refunds,Returns and Refunds,Can this purchase be exchanged for another item?,return refund exchange credit cancellation reimbursement return label,Can this purchase be exchanged for another item? return refund exchange credit cancellation reimbursement return label,"Confirm eligibility, check the purchase record, and provide the approved return, refund, or exchange workflow.",Sanitized coursework FAQ/SOP sample based on the Module 4 custom enterprise knowledge-base dataset plan.
returns_refunds_04,returns_refunds_04,returns_refunds,Returns and Refunds,I need a return label for my order.,return refund exchange credit cancellation reimbursement return label,I need a return label for my order. return refund exchange credit cancellation reimbursement return label,"Confirm eligibility, check the purchase record, and provide the approved return, refund, or exchange workflow.",Sanitized coursework FAQ/SOP sample based on the Module 4 custom enterprise knowledge-base dataset plan.
returns_refunds_05,returns_refunds_05,returns_refunds,Returns and Refunds,When will the reimbursement be processed?,return refund exchange credit cancellation reimbursement return label,When will the reimbursement be processed? return refund exchange credit cancellation reimbursement return label,"Confirm eligibility, check the purchase record, and provide the approved return, refund, or exchange workflow.",Sanitized coursework FAQ/SOP sample based on the Module 4 custom enterprise knowledge-base dataset plan.
returns_refunds_06,returns_refunds_06,returns_refunds,Returns and Refunds,The cancellation should have created a credit.,return refund exchange credit cancellation reimbursement return label,The cancellation should have created a credit. return refund exchange credit cancellation reimbursement return label,"Confirm eligibility, check the purchase record, and provide the approved return, refund, or exchange workflow.",Sanitized coursework FAQ/SOP sample based on the Module 4 custom enterprise knowledge-base dataset plan.
returns_refunds_07,returns_refunds_07,returns_refunds,Returns and Refunds,Please explain the return window.,return refund exchange credit cancellation reimbursement return label,Please explain the return window. return refund exchange credit cancellation reimbursement return label,"Confirm eligibility, check the purchase record, and provide the approved return, refund, or exchange workflow.",Sanitized coursework FAQ/SOP sample based on the Module 4 custom enterprise knowledge-base dataset plan.
returns_refunds_08,returns_refunds_08,returns_refunds,Returns and Refunds,I want to check whether this order qualifies for a refund.,return refund exchange credit cancellation reimbursement return label,I want to check whether this order qualifies for a refund. return refund exchange credit cancellation reimbursement return label,"Confirm eligibility, check the purchase record, and provide the approved return, refund, or exchange workflow.",Sanitized coursework FAQ/SOP sample based on the Module 4 custom enterprise knowledge-base dataset plan.
service_scheduling_01,service_scheduling_01,service_scheduling,Service Scheduling,I need to schedule a service appointment.,schedule appointment service visit technician availability calendar reschedule,I need to schedule a service appointment. schedule appointment service visit technician availability calendar reschedule,"Check service availability, confirm the customer location and preferred time, and schedule or reschedule the appointment.",Sanitized coursework FAQ/SOP sample based on the Module 4 custom enterprise knowledge-base dataset plan.
service_scheduling_02,service_scheduling_02,service_scheduling,Service Scheduling,Can a technician visit next week?,schedule appointment service visit technician availability calendar reschedule,Can a technician visit next week? schedule appointment service visit technician availability calendar reschedule,"Check service availability, confirm the customer location and preferred time, and schedule or reschedule the appointment.",Sanitized coursework FAQ/SOP sample based on the Module 4 custom enterprise knowledge-base dataset plan.
service_scheduling_03,service_scheduling_03,service_scheduling,Service Scheduling,Please reschedule my service call.,schedule appointment service visit technician availability calendar reschedule,Please reschedule my service call. schedule appointment service visit technician availability calendar reschedule,"Check service availability, confirm the customer location and preferred time, and schedule or reschedule the appointment.",Sanitized coursework FAQ/SOP sample based on the Module 4 custom enterprise knowledge-base dataset plan.
service_scheduling_04,service_scheduling_04,service_scheduling,Service Scheduling,What appointment times are available?,schedule appointment service visit technician availability calendar reschedule,What appointment times are available? schedule appointment service visit technician availability calendar reschedule,"Check service availability, confirm the customer location and preferred time, and schedule or reschedule the appointment.",Sanitized coursework FAQ/SOP sample based on the Module 4 custom enterprise knowledge-base dataset plan.
service_scheduling_05,service_scheduling_05,service_scheduling,Service Scheduling,The customer wants to move the visit to Friday.,schedule appointment service visit technician availability calendar reschedule,The customer wants to move the visit to Friday. schedule appointment service visit technician availability calendar reschedule,"Check service availability, confirm the customer location and preferred time, and schedule or reschedule the appointment.",Sanitized coursework FAQ/SOP sample based on the Module 4 custom enterprise knowledge-base dataset plan.
service_scheduling_06,service_scheduling_06,service_scheduling,Service Scheduling,I need help booking a technician.,schedule appointment service visit technician availability calendar reschedule,I need help booking a technician. schedule appointment service visit technician availability calendar reschedule,"Check service availability, confirm the customer location and preferred time, and schedule or reschedule the appointment.",Sanitized coursework FAQ/SOP sample based on the Module 4 custom enterprise knowledge-base dataset plan.
service_scheduling_07,service_scheduling_07,service_scheduling,Service Scheduling,Can you check the service calendar?,schedule appointment service visit technician availability calendar reschedule,Can you check the service calendar? schedule appointment service visit technician availability calendar reschedule,"Check service availability, confirm the customer location and preferred time, and schedule or reschedule the appointment.",Sanitized coursework FAQ/SOP sample based on the Module 4 custom enterprise knowledge-base dataset plan.
service_scheduling_08,service_scheduling_08,service_scheduling,Service Scheduling,The appointment needs to be changed to another day.,schedule appointment service visit technician availability calendar reschedule,The appointment needs to be changed to another day. schedule appointment service visit technician availability calendar reschedule,"Check service availability, confirm the customer location and preferred time, and schedule or reschedule the appointment.",Sanitized coursework FAQ/SOP sample based on the Module 4 custom enterprise knowledge-base dataset plan.
technical_support_01,technical_support_01,technical_support,Technical Support,The software shows an error when I open it.,technical error bug troubleshooting device software issue broken support,The software shows an error when I open it. technical error bug troubleshooting device software issue broken support,"Collect the error details, confirm the affected product or system, and route the case to technical support if basic troubleshooting fails.",Sanitized coursework FAQ/SOP sample based on the Module 4 custom enterprise knowledge-base dataset plan.
technical_support_02,technical_support_02,technical_support,Technical Support,I need help troubleshooting a device issue.,technical error bug troubleshooting device software issue broken support,I need help troubleshooting a device issue. technical error bug troubleshooting device software issue broken support,"Collect the error details, confirm the affected product or system, and route the case to technical support if basic troubleshooting fails.",Sanitized coursework FAQ/SOP sample based on the Module 4 custom enterprise knowledge-base dataset plan.
technical_support_03,technical_support_03,technical_support,Technical Support,The product is not working after setup.,technical error bug troubleshooting device software issue broken support,The product is not working after setup. technical error bug troubleshooting device software issue broken support,"Collect the error details, confirm the affected product or system, and route the case to technical support if basic troubleshooting fails.",Sanitized coursework FAQ/SOP sample based on the Module 4 custom enterprise knowledge-base dataset plan.
technical_support_04,technical_support_04,technical_support,Technical Support,Can technical support review this bug?,technical error bug troubleshooting device software issue broken support,Can technical support review this bug? technical error bug troubleshooting device software issue broken support,"Collect the error details, confirm the affected product or system, and route the case to technical support if basic troubleshooting fails.",Sanitized coursework FAQ/SOP sample based on the Module 4 custom enterprise knowledge-base dataset plan.
technical_support_05,technical_support_05,technical_support,Technical Support,The screen freezes during the process.,technical error bug troubleshooting device software issue broken support,The screen freezes during the process. technical error bug troubleshooting device software issue broken support,"Collect the error details, confirm the affected product or system, and route the case to technical support if basic troubleshooting fails.",Sanitized coursework FAQ/SOP sample based on the Module 4 custom enterprise knowledge-base dataset plan.
technical_support_06,technical_support_06,technical_support,Technical Support,I keep getting the same system error.,technical error bug troubleshooting device software issue broken support,I keep getting the same system error. technical error bug troubleshooting device software issue broken support,"Collect the error details, confirm the affected product or system, and route the case to technical support if basic troubleshooting fails.",Sanitized coursework FAQ/SOP sample based on the Module 4 custom enterprise knowledge-base dataset plan.
technical_support_07,technical_support_07,technical_support,Technical Support,The customer says the feature is broken.,technical error bug troubleshooting device software issue broken support,The customer says the feature is broken. technical error bug troubleshooting device software issue broken support,"Collect the error details, confirm the affected product or system, and route the case to technical support if basic troubleshooting fails.",Sanitized coursework FAQ/SOP sample based on the Module 4 custom enterprise knowledge-base dataset plan.
technical_support_08,technical_support_08,technical_support,Technical Support,Please route this to product support for troubleshooting.,technical error bug troubleshooting device software issue broken support,Please route this to product support for troubleshooting. technical error bug troubleshooting device software issue broken support,"Collect the error details, confirm the affected product or system, and route the case to technical support if basic troubleshooting fails.",Sanitized coursework FAQ/SOP sample based on the Module 4 custom enterprise knowledge-base dataset plan.
training_materials_01,training_materials_01,training_materials,Training Materials,Where can I find the training manual?,training guide manual tutorial documentation lesson knowledge base material,Where can I find the training manual? training guide manual tutorial documentation lesson knowledge base material,"Provide the approved training resource, confirm the topic, and direct the user to the current knowledge-base material.",Sanitized coursework FAQ/SOP sample based on the Module 4 custom enterprise knowledge-base dataset plan.
training_materials_02,training_materials_02,training_materials,Training Materials,I need documentation for this workflow.,training guide manual tutorial documentation lesson knowledge base material,I need documentation for this workflow. training guide manual tutorial documentation lesson knowledge base material,"Provide the approved training resource, confirm the topic, and direct the user to the current knowledge-base material.",Sanitized coursework FAQ/SOP sample based on the Module 4 custom enterprise knowledge-base dataset plan.
training_materials_03,training_materials_03,training_materials,Training Materials,Can you send a tutorial for the process?,training guide manual tutorial documentation lesson knowledge base material,Can you send a tutorial for the process? training guide manual tutorial documentation lesson knowledge base material,"Provide the approved training resource, confirm the topic, and direct the user to the current knowledge-base material.",Sanitized coursework FAQ/SOP sample based on the Module 4 custom enterprise knowledge-base dataset plan.
training_materials_04,training_materials_04,training_materials,Training Materials,The team needs a guide for this task.,training guide manual tutorial documentation lesson knowledge base material,The team needs a guide for this task. training guide manual tutorial documentation lesson knowledge base material,"Provide the approved training resource, confirm the topic, and direct the user to the current knowledge-base material.",Sanitized coursework FAQ/SOP sample based on the Module 4 custom enterprise knowledge-base dataset plan.
training_materials_05,training_materials_05,training_materials,Training Materials,Is there a lesson for using this tool?,training guide manual tutorial documentation lesson knowledge base material,Is there a lesson for using this tool? training guide manual tutorial documentation lesson knowledge base material,"Provide the approved training resource, confirm the topic, and direct the user to the current knowledge-base material.",Sanitized coursework FAQ/SOP sample based on the Module 4 custom enterprise knowledge-base dataset plan.
training_materials_06,training_materials_06,training_materials,Training Materials,Please find the knowledge-base article.,training guide manual tutorial documentation lesson knowledge base material,Please find the knowledge-base article. training guide manual tutorial documentation lesson knowledge base material,"Provide the approved training resource, confirm the topic, and direct the user to the current knowledge-base material.",Sanitized coursework FAQ/SOP sample based on the Module 4 custom enterprise knowledge-base dataset plan.
training_materials_07,training_materials_07,training_materials,Training Materials,I need training material for a new process.,training guide manual tutorial documentation lesson knowledge base material,I need training material for a new process. training guide manual tutorial documentation lesson knowledge base material,"Provide the approved training resource, confirm the topic, and direct the user to the current knowledge-base material.",Sanitized coursework FAQ/SOP sample based on the Module 4 custom enterprise knowledge-base dataset plan.
training_materials_08,training_materials_08,training_materials,Training Materials,Can support share the current user guide?,training guide manual tutorial documentation lesson knowledge base material,Can support share the current user guide? training guide manual tutorial documentation lesson knowledge base material,"Provide the approved training resource, confirm the topic, and direct the user to the current knowledge-base material.",Sanitized coursework FAQ/SOP sample based on the Module 4 custom enterprise knowledge-base dataset plan.
